ID;Ring;Recapture;Date;Site;Xcoord;Ycoord;Sex;Repro;Age;AB;Mass;Spx_tot;Nyct_tot;Tiques;Infect_Status;N.Run;ID;meanCT_Poly;meanQuantity_Poly;meanCT_Bat;meanQuantity_Bat
1;NO;NO;07.06.2021;MaisonRiviere;46.492753;6.479130;F;P;AD;38.4;09.sept;2;2;NA;NA;NA;NA;NA;NA;NA;NA
2;NO;NO;07.06.2021;MaisonRiviere;46.492753;6.479130;F;P;AD;39.6;07.sept;0;1;NA;NA;NA;NA;NA;NA;NA;NA
3;NO;NO;07.06.2021;MaisonRiviere;46.492753;6.479130;M;NR;AD;36.8;07.janv;0;1;NA;Infecte;1-oldMolly;3;25.7105;3.8461356754069E-08;25.4485;0.0000000937773
4;NO;NO;07.06.2021;MaisonRiviere;46.492753;6.479130;M;NR;AD;37.1;07.mars;2;0;NA;NoInfect;1-oldMolly;4;#DIV/0!;0,00E+00;25.175;0.000000111891
5;NO;NO;07.06.2021;MaisonRiviere;46.492753;6.479130;M;NR;AD;37.5;08.avr;1;0;NA;Infecte;1-oldMolly;5;24.324;0.0000001026544105955;17.8545;0.0000126373
6;NO;NO;07.06.2021;MaisonRiviere;46.492753;6.479130;F;O;AD;37.7;06.août;14;2;NA;Infecte;1-oldMolly;6;32.4295;3.30302179287028E-10;21.607;4.12282341556171E-07
7;NO;NO;07.06.2021;MaisonRiviere;46.492753;6.479130;F;O;AD;38.9;8.0;6;0;NA;Infecte;1-oldMolly;7;30.3895;1.40028911272542E-09;20.984;6.11036175336574E-07
8;NO;NO;07.06.2021;MaisonRiviere;46.492753;6.479130;M;NR;AD;36.5;7.0;0;0;NA;Infecte;1-oldMolly;8;20.492;1.54785187392764E-06;15.4335;0.0000363762756131562
9;NO;NO;07.06.2021;MaisonRiviere;46.492753;6.479130;M;NR;SAD;36.5;06.sept;1;0;NA;Infecte;1-oldMolly;9;20.726;1.31151625532879E-06;16.333;0.000020598640127737
10;NO;NO;07.06.2021;MaisonRiviere;46.492753;6.479130;M;NR;AD;37.5;05.sept;0;2;NA;Infecte;Repassage1;10;28.2975;2.11112393675592E-08;20.25;1.56044430374631E-06
11;NO;NO;07.06.2021;MaisonRiviere;46.492753;6.479130;M;NR;AD;38.6;07.mars;0;0;NA;Infecte;1-oldMolly;11;30.524;1.27308836361422E-09;19.058;0.0000058098
NA;NO;NO;07.06.2021;MaisonRiviere;46.492753;6.479130;F;P;AD;NA;NA;0;0;NA;NA;NA;NA;NA;NA;NA;NA
NA;NO;NO;07.06.2021;MaisonRiviere;46.492753;6.479130;F;P;AD;NA;NA;0;0;NA;NA;NA;NA;NA;NA;NA;NA
NA;NO;NO;07.06.2021;MaisonRiviere;46.492753;6.479130;F;P;AD;NA;NA;0;0;NA;NA;NA;NA;NA;NA;NA;NA
NA;NO;NO;07.06.2021;MaisonRiviere;46.492753;6.479130;F;P;AD;NA;NA;0;0;NA;NA;NA;NA;NA;NA;NA;NA
NA;NO;NO;07.06.2021;MaisonRiviere;46.492753;6.479130;F;P;AD;NA;NA;0;0;NA;NA;NA;NA;NA;NA;NA;NA
NA;NO;NO;07.06.2021;MaisonRiviere;46.492753;6.479130;F;P;AD;NA;NA;0;0;NA;NA;NA;NA;NA;NA;NA;NA
NA;NO;NO;07.06.2021;MaisonRiviere;46.492753;6.479130;F;P;AD;NA;NA;0;0;NA;NA;NA;NA;NA;NA;NA;NA
NA;NO;NO;07.06.2021;MaisonRiviere;46.492753;6.479130;F;P;AD;NA;NA;0;0;NA;NA;NA;NA;NA;NA;NA;NA
12;NO;NO;10.06.2021;LesClees;46.730614;6.446748;M;NR;AD;38.0;07.févr;3;0;NA;Infecte;1-oldMolly;12;30.4625;1.32974996542318E-09;17.4285;0.0000166386
13;NO;NO;11.06.2021;ResurgenceVallorbe;46.701075;6.346217;M;NR;AD;35.3;07.janv;1;0;NA;Infecte;1-oldMolly;13;30.159;1.64853119993976E-09;23.947;0.000000247262
14;NO;NO;11.06.2021;ResurgenceVallorbe;46.701075;6.346217;F;P;AD;38.1;07.avr;1;0;NA;NA;NA;NA;NA;NA;NA;NA
NA;NO;NO;01.07.2021;MaisonRiviere;46.492753;6.479130;F;P;AD;40.1;08.juin;0;0;NA;NA;NA;NA;NA;NA;NA;NA
NA;NO;NO;01.07.2021;MaisonRiviere;46.492753;6.479130;F;P;AD;39.6;09.août;0;0;NA;NA;NA;NA;NA;NA;NA;NA
16;NO;NO;01.07.2021;MaisonRiviere;46.492753;6.479130;F;L;AD;38.5;08.janv;1;13;NA;NoInfect;1-oldMolly;16;#DIV/0!;0,00E+00;22.7215;3.43782599803848E-07
NA;NO;NO;01.07.2021;MaisonRiviere;46.492753;6.479130;F;P;AD;36.7;10.mai;0;0;NA;NA;NA;NA;NA;NA;NA;NA
17;NO;NO;01.07.2021;MaisonRiviere;46.492753;6.479130;M;NR;AD;36.8;07.mars;0;0;NA;Infecte;1-oldMolly;17;26.698;1.91146043761408E-08;19.9835;0.00000319615
NA;NO;NO;01.07.2021;MaisonRiviere;46.492753;6.479130;F;P;AD;NA;NA;0;0;NA;NA;NA;NA;NA;NA;NA;NA
NA;NO;NO;01.07.2021;MaisonRiviere;46.492753;6.479130;F;P;AD;37.7;09.mars;0;0;NA;NA;NA;NA;NA;NA;NA;NA
19;NO;NO;01.07.2021;MaisonRiviere;46.492753;6.479130;F;L;AD;38;07.sept;2;0;NA;Infecte;1-oldMolly;19;23.277;2.15443469003188E-07;19.1125;0.00000560891
18;NO;NO;01.07.2021;MaisonRiviere;46.492753;6.479130;F;L;AD;36.4;7.0;1;1;NA;Infecte;1-oldMolly;18;34.093;1.01713845450059E-10;22.889;1.83474841931775E-07
20;NO;NO;01.07.2021;MaisonRiviere;46.492753;6.479130;M;NR;AD;34.9;8.0;2;0;NA;Infecte;1-oldMolly;20;25.49;4.49602821798985E-08;17.783;0.0000132344
21;NO;NO;01.07.2021;MaisonRiviere;46.492753;6.479130;M;NR;AD;36.8;07.mai;1;0;NA;NoInfect;1-oldMolly;21;#DIV/0!;0,00E+00;22.3155;0.000000709044
22;NO;NO;01.07.2021;MaisonRiviere;46.492753;6.479130;M;NR;AD;37.1;06.sept;2;0;NA;Infecte;1-oldMolly;22;29.22;3.205107190005E-09;22.1265;0.000000801076
23;NO;NO;01.07.2021;MaisonRiviere;46.492753;6.479130;F;L;AD;38.6;07.juil;0;0;NA;plusADN;1-oldMolly;23;36.297;NA;22.3795;0.00000068034
24;NO;NO;01.07.2021;MaisonRiviere;46.492753;6.479130;F;L;AD;38.4;07.sept;0;1;NA;Infecte;Repassage1;24;30.213;5.97863211495315E-09;18.5795;4.33804439840816E-06
25;NO;NO;01.07.2021;MaisonRiviere;46.492753;6.479130;M;NR;SAD;35.6;07.mars;1;0;NA;NA;NA;NA;NA;NA;NA;NA
26;NO;NO;01.07.2021;MaisonRiviere;46.492753;6.479130;M;NR;AD;37.8;07.avr;2;0;NA;plusADN;1-oldMolly;26;34.385;NA;24.0445;0.000000232175
27;NO;NO;01.07.2021;MaisonRiviere;46.492753;6.479130;M;NR;AD;36.1;06.juil;1;0;NA;NoInfect;1-oldMolly;27;#DIV/0!;0,00E+00;18.676;0.00000743506
28;NO;NO;01.07.2021;MaisonRiviere;46.492753;6.479130;F;L;AD;38.0;07.mars;0;12;NA;Infecte;1-oldMolly;28;36.687;1.62075398156996E-11;45680,00;2.72692073742689E-07
29;NO;NO;01.07.2021;MaisonRiviere;46.492753;6.479130;M;NR;SAD;36.3;06.août;4;0;NA;plusADN;1-oldMolly;29;33.124;NA;21.2705;0.00000139225
30;NO;NO;01.07.2021;MaisonRiviere;46.492753;6.479130;F;O;AD;38.0;07.sept;3;0;NA;Infecte;1-oldMolly;30;27.976;7.73350523346624E-09;19.072;0.00000575752
31;NO;NO;01.07.2021;MaisonRiviere;46.492753;6.479130;M;NR;AD;36.1;7.0;1;1;NA;Infecte;1-oldMolly;31;23.219;2.24475274693878E-07;18.685;0.00000739198
32;NO;NO;01.07.2021;MaisonRiviere;46.492753;6.479130;M;NR;AD;37.5;07.mai;1;0;NA;plusADN;1-oldMolly;32;38.1645;NA;19.9445;0.00000327766
33;NO;NO;01.07.2021;MaisonRiviere;46.492753;6.479130;F;L;AD;38.7;09.janv;1;0;NA;NoInfect;1-oldMolly;33;#DIV/0!;0,00E+00;24.242;7.80701322355514E-08
34;NO;NO;01.07.2021;MaisonRiviere;46.492753;6.479130;M;NR;AD;38.2;07.août;2;0;NA;plusADN;1-oldMolly;34;33.464;NA;20.0775;0.00000300792
35;NO;NO;01.07.2021;MaisonRiviere;46.492753;6.479130;F;P;AD;39.1;09.avr;0;1;NA;NA;NA;NA;NA;NA;NA;NA
36;NO;NO;01.07.2021;MaisonRiviere;46.492753;6.479130;F;L;SAD;35.4;07.juil;1;0;NA;NA;NA;NA;NA;NA;NA;NA
37;NO;NO;20.07.2021;ChavornayLeMoulin;46.69561;6.573978;F;O;JUV;35.2;7;4;2;NA;NA;NA;NA;NA;NA;NA;NA
38;NO;NO;20.07.2021;ChavornayLeMoulin;46.69561;6.573978;M;NA;AD;36.5;07.juil;1;0;NA;plusADN;1-oldMolly;38;35.023;NA;17.6515;0.0000144072
39;NO;NO;20.07.2021;ChavornayLeMoulin;46.69561;6.573978;F;O;JUV;35;07.avr;2;2;NA;NoInfect;1-oldMolly;39;34.985;0,00E+00;15.5545;0.0000276304246627432
40;NO;NO;20.07.2021;ChavornayLeMoulin;46.69561;6.573978;F;P;AD;38.5;10.août;0;0;NA;NA;NA;NA;NA;NA;NA;NA
42;NO;NO;21.07.2021;Dorigny;46.524658;6.578095;F;O;AD;36.9;06.juin;6;3;NA;Infecte;1-oldMolly;42;25.28;5.21680584807478E-08;18.1215;0.0000106361
46;NO;NO;22.07.2021;GrottesauxFees;46.699339;6.341309;M;NR;AD;37.8;08.mai;2;0;NA;NoInfect;1-oldMolly;46;#DIV/0!;0,00E+00;16.921;0.0000119715372241235
48;NO;NO;23.07.2021;MaraisdesMonods;46.573923;6.387474;M;R;AD;36.1;07.mai;4;3;NA;Infecte;1-oldMolly;48;27.722;9.25725367561892E-09;19.2185;1.86335762562353E-06
51;NO;NO;23.07.2021;MaraisdesMonods;46.573923;6.387474;F;L;AD;38.7;9;8;0;NA;Infecte;1-oldMolly;51;25.2955;5.15986544269687E-08;17.9125;0.0000121728
52;NO;NO;23.07.2021;MaraisdesMonods;46.573923;6.387474;F;L;AD;38.9;09.mars;29;1;NA;Infecte;1-oldMolly;52;28.8225;4.24692929549755E-09;17.918;4.23631729252025E-06
53;NO;NO;23.07.2021;MaraisdesMonods;46.573923;6.387474;F;O;JUV;38.5;07.avr;23;3;NA;Infecte;1-oldMolly;53;31.026;8.92261193486321E-10;21.2485;5.17037053052836E-07
54;NO;NO;23.07.2021;MaraisdesMonods;46.573923;6.387474;F;L;AD;38.5;08.sept;11;1;NA;Infecte;1-oldMolly;54;26.1545;2.80862162212391E-08;17.8545;6.76099527838949E-06
55;NO;NO;23.07.2021;MaraisdesMonods;46.573923;6.387474;M;NR;JUV;38.3;07.mars;12;3;NA;Infecte;1-oldMolly;55;24.965;6.52030847566675E-08;18.64;2.68511720531004E-06
56;NO;NO;28.07.2021;Dorigny;46.521435;6.583685;F;L;AD;38.9;07.août;15;1;NA;NA;NA;NA;NA;NA;NA;NA
57;NO;NO;28.07.2021;Dorigny;46.521435;6.583685;F;P;AD;36.7;8;NA;NA;NA;NA;NA;NA;NA;NA;NA;NA
58;NO;NO;28.07.2021;Dorigny;46.521435;6.583685;M;NR;AD;37.7;07.févr;0;5;NA;NoInfect;1-oldMolly;58;36.388;0,00E+00;18.2835;5.19966716437444E-06
59;NO;NO;28.07.2021;Dorigny;46.521435;6.583685;F;L;AD;37.2;07.mars;12;1;NA;Infecte;1-oldMolly;59;28.2405;6.4127132488019E-09;21.24;5.19820005593517E-07
60;NO;NO;28.07.2021;Dorigny;46.521435;6.583685;M;NR;SAD;37.6;07.janv;5;0;NA;NA;NA;NA;NA;NA;NA;NA
61;NO;NO;28.07.2021;Dorigny;46.521435;6.583685;M;R;AD;36.6;06.juil;2;1;NA;Noinfect;Repassage1;61;38.1675;0,00E+00;16.4165;0.000016302496669239
62;NO;NO;28.07.2021;Dorigny;46.521435;6.583685;M;NR;AD;38.6;06.avr;7;2;NA;NA;NA;NA;NA;NA;NA;NA
63;A2356;NO;28.07.2021;Dorigny;46.521435;6.583685;M;NR;AD;36.1;07.janv;10;2;NA;NA;NA;NA;NA;NA;NA;NA
64;NO;NO;28.07.2021;Dorigny;46.521435;6.583685;M;NR;AD;36.7;7;9;3;NA;Infecte;1-oldMolly;64;31.8645;4.92777280544233E-10;16.807;0.000012836686962504
65;NO;NO;28.07.2021;Dorigny;46.521435;6.583685;M;NR;AD;37.1;06.mai;3;2;NA;Infecte;1-oldMolly;65;30.83;1.02509144155202E-09;16.2805;0.0000119154598157623
66;NO;NO;28.07.2021;Dorigny;46.521435;6.583685;M;NR;AD;37.1;07.août;1;2;NA;NoInfect;1-oldMolly;66;#DIV/0!;0,00E+00;23.0735;2.77151121351875E-07
67;NO;NO;28.07.2021;Dorigny;46.521435;6.583685;M;NR;AD;35.6;06.juin;6;2;NA;Noinfect;Repassage1;67;37.62;0,00E+00;18.6555;4.14087358543103E-06
68;NO;NO;28.07.2021;Dorigny;46.521435;6.583685;F;O;AD;39;07.mai;15;7;NA;NA;NA;NA;NA;NA;NA;NA
69;NO;NO;28.07.2021;Dorigny;46.521435;6.583685;F;O;AD;38.5;06.juin;3;1;NA;Infecte;1-oldMolly;69;30.8355;1.02110720523459E-09;19.8495;1.99391941584028E-06
70;D2861;NO;28.07.2021;Dorigny;46.521435;6.583685;M;NR;AD;37.2;06.juil;12;3;NA;Infecte;1-oldMolly;70;28.241;6.41044338341151E-09;15.713;0.0000170514310715038
71;NO;NO;28.07.2021;Dorigny;46.521435;6.583685;F;PL;AD;38.5;06.sept;8;1;NA;NA;NA;NA;NA;NA;NA;NA
72;NO;NO;28.07.2021;Dorigny;46.521435;6.583685;F;L;AD;38.3;06.juil;11;1;NA;NA;NA;NA;NA;NA;NA;NA
73;NO;NO;28.07.2021;Dorigny;46.521435;6.583685;F;O;AD;37.1;06.avr;7;8;NA;NoInfect;1-oldMolly;73;#DIV/0!;0,00E+00;21.514;7.19874480800856E-07
74;NO;NO;28.07.2021;Dorigny;46.521435;6.583685;M;NR;AD;38.4;06.sept;9;4;NA;Infecte;1-oldMolly;74;25.8195;3.56046536180898E-08;13.71;0.0000604129447671632
75;NO;NO;28.07.2021;Dorigny;46.521435;6.583685;M;NR;AD;38.7;7;3;7;NA;NA;NA;NA;NA;NA;NA;NA
76;NO;NO;28.07.2021;Dorigny;46.521435;6.583685;M;NR;SAD;36.5;7;7;6;NA;Infecte;1-oldMolly;76;26.223;2.67564982290142E-08;13.7555;0.0000587016861299577
77;NO;NO;28.07.2021;Dorigny;46.521435;6.583685;F;O;AD;38;07.mai;2;3;NA;Infecte;2-oldMolly;77;31.7445;2.93166721104074E-09;15.4065;0.0000206931002746041
NA;NO;NO;28.07.2021;Dorigny;46.521435;6.583685;M;NR;AD;37.6;07.janv;NA;P;NA;NA;NA;NA;NA;NA;NA;NA
NA;NO;NO;28.07.2021;Dorigny;46.521435;6.583685;F;O;AD;38.7;07.juin;NA;P;NA;NA;NA;NA;NA;NA;NA;NA
NA;NO;NO;28.07.2021;Dorigny;46.521435;6.583685;F;O;AD;36.7;7;P;P;NA;NA;NA;NA;NA;NA;NA;NA
NA;NO;NO;28.07.2021;Dorigny;46.521435;6.583685;F;P;AD;37.7;07.avr;MP;P;NA;NA;NA;NA;NA;NA;NA;NA
NA;NO;NO;28.07.2021;Dorigny;46.521435;6.583685;F;O;AD;37.6;06.juil;P;P;NA;NA;NA;NA;NA;NA;NA;NA
NA;NO;NO;28.07.2021;Dorigny;46.521435;6.583685;F;O;AD;38.9;07.juil;P;P;NA;NA;NA;NA;NA;NA;NA;NA
NA;D2863;NO;28.07.2021;Dorigny;46.521435;6.583685;M;R;AD;35.6;06.juil;P;P;NA;NA;NA;NA;NA;NA;NA;NA
NA;NO;NO;28.07.2021;Dorigny;46.521435;6.583685;F;L;AD;37.9;7;P;P;NA;NA;NA;NA;NA;NA;NA;NA
NA;NO;NO;28.07.2021;Dorigny;46.521435;6.583685;F;O;AD;38;06.avr;P;NP;NA;NA;NA;NA;NA;NA;NA;NA
NA;E3368;NO;28.07.2021;Dorigny;46.521435;6.583685;M;NR;AD;37.4;07.avr;P;P;NA;NA;NA;NA;NA;NA;NA;NA
NA;NO;NO;28.07.2021;Dorigny;46.521435;6.583685;F;O;AD;38.4;07.mars;P;P;NA;NA;NA;NA;NA;NA;NA;NA
NA;NO;NO;28.07.2021;Dorigny;46.521435;6.583685;M;NR;SAD;35.9;06.févr;P;NP;NA;NA;NA;NA;NA;NA;NA;NA
NA;NO;NO;28.07.2021;Dorigny;46.521435;6.583685;M;NR;AD;35.6;06.juin;P;P;NA;NA;NA;NA;NA;NA;NA;NA
NA;NO;NO;28.07.2021;Dorigny;46.521435;6.583685;M;R;AD;36.4;06.août;P;P;NA;NA;NA;NA;NA;NA;NA;NA
78;NO;NO;11.08.2021;Rossinière;46.466044;7.050061;M;R;AD;38.8;07.avr;2;2;NA;NoInfect;2-oldMolly;78;#DIV/0!;0,00E+00;17.911;6.53118560024926E-06
79;NO;NO;11.08.2021;Rossinière;46.466044;7.050061;M;R;SAD;38.6;08.janv;2;3;NA;Infecte;2-oldMolly;79;21.27;2.89998892753491E-06;17.6515;0.0000144072
80;NO;NO;11.08.2021;Rossinière;46.466044;7.050061;M;R;AD;37.6;07.sept;4;3;NA;NoInfect;2-oldMolly;80;#DIV/0!;0,00E+00;25.397;6.68487107163533E-08
81;NO;NO;11.08.2021;Rossinière;46.466044;7.050061;M;R;SAD;37.3;08.août;3;1;NA;Infecte;2-oldMolly;81;33.6215;8.51861297830188E-10;17.8855;4.32416601053614E-06
82;NO;NO;11.08.2021;Rossinière;46.466044;7.050061;M;NR;AD;37.2;08.mai;3;1;NA;NoInfect;2-oldMolly;82;38.662;0,00E+00;19.9125;0.00000334609
83;NO;NO;11.08.2021;Rossinière;46.466044;7.050061;M;R;AD;37.9;08.juin;3;4;NA;Infecte;2-oldMolly;83;32.142;2.2565544152562E-09;17.669;4.95772577794785E-06
84;NO;NO;11.08.2021;Rossinière;46.466044;7.050061;M;NR;AD;36.5;07.juin;7;5;NA;Infecte;2-oldMolly;84;26.648;8.40440011528663E-08;20.0795;0.00000300404
85;NO;NO;11.08.2021;Rossinière;46.466044;7.050061;M;R;SAD;37.9;08.févr;1;2;NA;Noinfect;Repassage1;85;35.395;0,00E+00;14.7785;0.0000444284148783795
86;NO;NO;11.08.2021;Rossinière;46.466044;7.050061;F;O;AD;39.2;9;3;1;NA;Infecte;2-oldMolly;86;26.517;9.16151718604399E-08;15.8195;0.000028499189532991
87;NO;NO;11.08.2021;Rossinière;46.466044;7.050061;M;NR;AD;38.7;08.août;4;4;NA;Infecte;2-oldMolly;87;33.8075;7.53668632425839E-10;16.892;0.0000121859273847109
88;NO;NO;11.08.2021;Rossinière;46.466044;7.050061;F;L;AD;37.5;09.févr;7;2;NA;Infecte;repassage2;88;32.177;2.15196805876586E-09;17.2095;0.0000100337202500309
89;NO;NO;11.08.2021;Rossinière;46.466044;7.050061;F;O;SAD;38.8;08.août;6;2;NA;NoInfect;2-oldMolly;89;#DIV/0!;0,00E+00;20.009;0.00000314395
90;NO;NO;11.08.2021;Rossinière;46.466044;7.050061;F;L;AD;39.2;08.mars;12;5;NA;NoInfect;2-oldMolly;90;37.097;0,00E+00;17.606;7.87165265933259E-06
93;NO;NO;19.08.2021;MaraisdesMonods;46.573923;6.387474;M;NR;AD;34.8;07.janv;0;0;NA;NoInfect;2-oldMolly;93;#DIV/0!;0,00E+00;14.5025;0.00005260488190522
94;NO;NO;19.08.2021;MaraisdesMonods;46.573923;6.387474;F;O;SAD;38.2;7;6;6;NA;Infecte;2-oldMolly;94;20.018;6.61328898439556E-06;15.867;0.0000154711559790617
95;NO;NO;19.08.2021;MaraisdesMonods;46.573923;6.387474;F;O;AD;37.7;7;2;5;NA;Noinfect;Repassage1;95;39.149;0,00E+00;17.5335;8.22882045222026E-06
98;K2665;NO;30.08.2021;LaPetiteChaux;46.545576;6.189664;M;NR;NA;38.16;07.mai;0;2;NA;Infecte;2-oldMolly;98;28.1665;3.09226981135554E-08;16.857;0.0000124497934936929
99;K2686;NO;30.08.2021;LaPetiteChaux;46.545576;6.189664;M;NR;JUV;37.9;8;0;4;NA;Infecte;2-oldMolly;99;27.6135;4.45054222045746E-08;16.1355;0.0000130581128313029
NA;NO;NO;01.09.2021;Dorigny;46.521435;6.583685;F;O;AD;37.5;NA;NA;NA;NA;NA;NA;NA;NA;NA;NA;NA
NA;NO;NO;01.09.2021;Dorigny;46.521435;6.583685;M;NR;AD;36.7;06.juil;NA;NA;NA;NA;NA;NA;NA;NA;NA;NA
NA;NO;NO;01.09.2021;Dorigny;46.521435;6.583685;M;NR;AD;36.9;06.mai;NA;NA;NA;NA;NA;NA;NA;NA;NA;NA
100;NO;NO;01.09.2021;Dorigny;46.521435;6.583685;M;NR;JUV;36.4;06.sept;8;2;NA;Infecte;2-oldMolly;100;21.124;0.0000031926139813501;14.068;0.0000686314423390178
101;NO;NO;01.09.2021;Dorigny;46.521435;6.583685;F;NA;AD;38.9;07.mars;6;8;NA;NoInfect;2-oldMolly;101;38.4595;0,00E+00;17.786;8.22019146013635E-06
102;NO;NO;01.09.2021;Dorigny;46.521435;6.583685;F;L;AD;37;07.févr;10;6;NA;Infecte;2-oldMolly;102;29.6585;1.15777979208993E-08;16.298;0.000011784496337976
103;NO;NO;01.09.2021;Dorigny;46.521435;6.583685;F;O;AD;37.4;8;7;11;NA;Noinfect;Repassage1;103;38.605;0,00E+00;17.0505;0.0000110592771321892
104;NO;NO;01.09.2021;Dorigny;46.521435;6.583685;F;O;AD;39.1;07.avr;8;8;NA;NoInfect;2-oldMolly;104;#DIV/0!;0,00E+00;16.7845;0.0000154834666952442
105;NO;NO;01.09.2021;Dorigny;46.521435;6.583685;M;NR;SAD;38.5;06.sept;4;12;NA;NoInfect;2-oldMolly;105;#DIV/0!;0,00E+00;20.593;1.26495001703459E-06
106;NO;NO;01.09.2021;Dorigny;46.521435;6.583685;F;O;AD;37.9;06.mars;6;11;NA;NA;NA;NA;NA;NA;NA;NA
107;NO;NO;01.09.2021;Dorigny;46.521435;6.583685;M;NR;SAD;36.7;06.juin;2;8;NA;NoInfect;2-oldMolly;107;#DIV/0!;0,00E+00;19.0375;0.0000032775568942723
108;NO;NO;01.09.2021;Dorigny;46.521435;6.583685;M;NR;SAD;39;07.mai;2;7;NA;Infecte;Repassage1;108;31.921;1.94108019405366E-09;14.8665;0.0000291026862535495
109;NO;NO;01.09.2021;Dorigny;46.521435;6.583685;M;R;SAD;37.8;07.juil;8;4;NA;NoInfect;2-oldMolly;109;#DIV/0!;0,00E+00;20.4105;8.77733328156202E-07
110;NO;NO;01.09.2021;Dorigny;46.521435;6.583685;F;O;SAD;36.8;08.avr;5;6;NA;Noinfect;Repassage1;110;36.1155;0,00E+00;17.9545;6.35958867240016E-06
111;NO;NO;01.09.2021;Dorigny;46.521435;6.583685;F;O;SAD;35.9;07.janv;4;3;NA;Infecte;2-oldMolly;111;30.4285;6.9732820554679E-09;17.2075;0.0000118501331177738
112;NO;NO;01.09.2021;Dorigny;46.521435;6.583685;M;NR;AD;38.5;06.avr;2;5;NA;NoInfect;2-oldMolly;112;#DIV/0!;0,00E+00;18.595;2.76252069603248E-06
113;D2864;R;01.09.2021;Dorigny;46.521435;6.583685;M;NR;AD;39.2;07.mars;6;2;NA;Infecte;2-oldMolly;113;26.608;8.62869455533492E-08;18.822;4.26995054086508E-06
114;NO;NO;01.09.2021;Dorigny;46.521435;6.583685;M;R;AD;37.4;06.sept;7;5;NA;Infecte;2-oldMolly;114;25.7035;1.56529200660001E-07;16.7835;0.0000130226577767935
115;NO;NO;01.09.2021;Dorigny;46.521435;6.583685;M;NR;AD;34.4;06.avr;9;9;NA;NoInfect;2-oldMolly;115;#DIV/0!;0,00E+00;16.621;9.60994251730737E-06
116;NO;NO;01.09.2021;Dorigny;46.521435;6.583685;M;R;SAD;38;07.mars;7;7;NA;NA;NA;NA;NA;NA;NA;NA
117;NO;NO;01.09.2021;Dorigny;46.521435;6.583685;F;O;AD;37.8;7;5;6;NA;Noinfect;Repassage1;117;37.6055;0,00E+00;17.0735;7.22124662759507E-06
118;NO;R;01.09.2021;Dorigny;46.521435;6.583685;M;R;SAD;36.5;06.avr;8;7;NA;Infecte;2-oldMolly;118;29.2595;1.50564908038661E-08;19.679;2.21324371575872E-06
119;NO;NO;01.09.2021;Dorigny;46.521435;6.583685;F;O;SAD;39.6;08.avr;1;5;NA;Infecte;2-oldMolly;119;28.6295;2.27970253047632E-08;17.332;9.30892479058625E-06
120;NO;NO;01.09.2021;Dorigny;46.521435;6.583685;F;O;AD;38.6;07.juin;0;5;NA;Infecte;2-oldMolly;120;28.6565;2.23953202752724E-08;16.277;0.0000177556043839443
121;NO;NO;01.09.2021;Dorigny;46.521435;6.583685;M;NR;AD;36.9;06.avr;5;7;NA;plusADN;2-oldMolly;121;34.757;NA;17.9665;7.33366811462647E-06
122;NO;NO;01.09.2021;Dorigny;46.521435;6.583685;F;O;AD;39.4;07.août;7;4;NA;Infecte;2-oldMolly;122;30.6535;6.01307150480894E-09;16.575;0.0000147952488899542
123;NO;NO;01.09.2021;Dorigny;46.521435;6.583685;F;O;SAD;37.4;07.janv;4;4;NA;Infecte;2-oldMolly;123;24.635;3.16331892584408E-07;17.0615;0.0000129960415989629
124;NO;NO;01.09.2021;Dorigny;46.521435;6.583685;M;R;SAD;36;06.juin;4;4;NA;Infecte;2-oldMolly;124;27.135;6.09880145563486E-08;17.5005;5.51439068083642E-06
125;NO;NO;01.09.2021;Dorigny;46.521435;6.583685;F;PL;AD;35.2;8;12;8;NA;Infecte;2-oldMolly;125;25.1635;2.23364134615773E-07;15.429;0.0000364799149037621
126;NO;NO;01.09.2021;Dorigny;46.521435;6.583685;M;NR;AD;36.5;8;5;4;NA;Infecte;Repassage1;126;30.215;5.97076183680524E-09;19.1065;1.99993007211631E-06
127;NO;NO;01.09.2021;Dorigny;46.521435;6.583685;M;NR;AD;36.4;06.mars;5;7;NA;Infecte;2-oldMolly;127;31.4005;3.6769244050278E-09;22.1695;2.89012131123225E-07
128;NO;NO;01.09.2021;Dorigny;46.521435;6.583685;M;NR;SAD;39;8;0;1;NA;Infecte;2-oldMolly;128;27.8315;3.85543847916276E-08;18.5865;2.77738996689869E-06
129;NO;NO;01.09.2021;Dorigny;46.521435;6.583685;F;O;AD;39.5;06.juin;5;5;NA;NoInfect;2-oldMolly;129;#DIV/0!;0,00E+00;16.9175;0.0000119972104311675
130;NO;NO;01.09.2021;Dorigny;46.521435;6.583685;M;NR;SAD;38;07.févr;3;5;NA;Infecte;2-oldMolly;130;28.243;2.94036664123057E-08;15.7565;0.0000296572376587093
131;NO;NO;01.09.2021;Dorigny;46.521435;6.583685;M;R;AD;38.9;07.sept;7;6;NA;NoInfect;2-oldMolly;131;#DIV/0!;0,00E+00;21.053;5.8498142152447E-07
132;NO;NO;01.09.2021;Dorigny;46.521435;6.583685;M;R;SAD;37.9;07.mars;11;7;NA;Infecte;repassage2;132;31.973;2.47588998600671E-09;15.1605;0.0000351656853274998
133;E2986;R;06.09.2021;LaCascade;46.545576;6.189664;M;R;AD;35.6;08.avr;2;6;NA;Infecte;2-oldMolly;133;27.8445;3.82257755478098E-08;19.9215;0.0000011953144570963
134;I2754;NO;06.09.2021;LaCascade;46.545576;6.189664;M;NR;SAD;38.1;08.févr;0;2;NA;Infecte;3-oldMolly;134;22.1255;1.38722115425759E-06;16.1275;0.0000234565205742259
135;I2760;NO;06.09.2021;LaCascade;46.545576;6.189664;M;NR;AD;36.9;07.févr;1;2;NA;Infecte;repassage2;135;31.1145;4.46683592150962E-09;20.2655;9.61905038670593E-07
136;NO;NO;06.09.2021;LaCascade;46.545576;6.189664;M;NR;JUV;36.9;07.juil;2;3;NA;NoInfect;3-oldMolly;136;39.983;0,00E+00;16.7825;0.0000155030573319279
137;NO;NO;06.09.2021;LaCascade;46.545576;6.189664;M;R;AD;37.9;08.févr;1;1;NA;Infecte;3-oldMolly;137;31.649;2.70387331919624E-09;18.6435;2.67918862883358E-06
138;NO;NO;08.09.2021;MaisonRiviere;46.492753;6.479130;M;R;AD;35.9;07.mars;6;3;NA;Infecte;3-oldMolly;138;25.1965;1.85444032642178E-07;16.1955;0.0000224694546330212
139;NO;NO;08.09.2021;MaisonRiviere;46.492753;6.479130;F;O;AD;35.9;09.janv;0;6;NA;Infecte;3-oldMolly;139;26.6765;7.03137741682617E-08;17.3205;0.0000110330686562788
140;NO;NO;08.09.2021;MaisonRiviere;46.492753;6.479130;M;NR;AD;38.2;08.août;5;12;NA;NoInfect;3-oldMolly;140;35.6335;0,00E+00;17.74;7.25181257265024E-06
141;NO;NO;08.09.2021;MaisonRiviere;46.492753;6.479130;M;NR;SAD;37.5;07.août;0;4;NA;Infecte;3-oldMolly;141;33.0995;1.04522280990568E-09;15.3475;0.0000214786845464958
142;NO;NO;08.09.2021;MaisonRiviere;46.492753;6.479130;F;O;AD;36.8;09.août;5;12;NA;Infecte;3-oldMolly;142;33.346;8.89325815475168E-10;14.2905;0.0000418711054311352
143;NO;NO;08.09.2021;MaisonRiviere;46.492753;6.479130;F;O;AD;39.1;10;2;5;NA;NoInfect;3-oldMolly;143;#DIV/0!;0,00E+00;15.955;0.0000261593938829186
144;NO;NO;08.09.2021;MaisonRiviere;46.492753;6.479130;F;L;AD;37.9;08.mai;4;7;NA;Infecte;3-oldMolly;144;26.485;7.97143869192498E-08;15.338;0.0000386402642581192
145;NO;R;08.09.2021;MaisonRiviere;46.492753;6.479130;M;R;AD;38.5;07.mars;2;7;NA;NoInfect;3-oldMolly;145;#DIV/0!;0,00E+00;15.343;0.0000314490590164633
146;NO;NO;08.09.2021;MaisonRiviere;46.492753;6.479130;M;NR;SAD;35.3;7;16;15;NA;Infecte;3-oldMolly;146;22.207;1.31508177872119E-06;16.0785;0.0000241945605030137
147;NO;NO;08.09.2021;MaisonRiviere;46.492753;6.479130;F;O;JUV;37;06.mai;8;6;NA;Infecte;3-oldMolly;147;21.7945;1.72321851757419E-06;17.5725;9.40813562553603E-06
148;NO;NO;08.09.2021;MaisonRiviere;46.492753;6.479130;F;O;AD;38;10.juin;1;6;NA;Infecte;3-oldMolly;148;27.3605;4.49149001195845E-08;17.202;0.000011891410957854
149;NO;NO;08.09.2021;MaisonRiviere;46.492753;6.479130;M;NR;AD;36.7;08.sept;1;6;NA;NoInfect;3-oldMolly;149;38.942;0,00E+00;20.5625;7.97394188911333E-07
150;NO;NO;08.09.2021;MaisonRiviere;46.492753;6.479130;F;O;AD;36.7;09.févr;0;6;NA;NoInfect;3-oldMolly;150;#DIV/0!;0,00E+00;17.768;4.65724898728353E-06
160;NO;R;04.10.2021;Dorigny;46.521435;6.583685;M;NR;SAD;36.1;07.mai;0;2;NA;Infecte;Repassage1;160;29.3275;1.07125115788432E-08;16.669;0.0000139680430922543
161;NO;NO;04.10.2021;Dorigny;46.521435;6.583685;M;NR;SAD;35.6;07.avr;0;7;NA;NoInfect;3-oldMolly;161;#DIV/0!;0,00E+00;16.7195;0.0000135429057292167
162;NO;NO;04.10.2021;Dorigny;46.521435;6.583685;F;PL;AD;37.6;07.juil;1;5;NA;NA;NA;NA;NA;NA;NA;NA
163;NO;R;04.10.2021;Dorigny;46.521435;6.583685;F;O;AD;37.1;06.juil;1;2;NA;Infecte;Repassage1;163;32.612;1.23137126852128E-09;17.6075;0.0000078644290419876
164;NO;R;04.10.2021;Dorigny;46.521435;6.583685;M;NR;SAD;37.6;07.juil;0;9;NA;NoValeur;repassage2;164;38.557;NA;19.359;1.70514310715037E-06
165;NO;R;04.10.2021;Dorigny;46.521435;6.583685;M;NR;SAD;36.8;07.févr;1;5;NA;Infecte;3-oldMolly;165;28.622;1.9651596450185E-08;19.067;3.21890875128835E-06
167;NO;NO;04.10.2021;Dorigny;46.521435;6.583685;M;NR;AD;37.7;07.févr;0;1;NA;NoInfect;3-oldMolly;167;#DIV/0!;0,00E+00;21.4465;4.56263343551774E-07
168;NO;R;04.10.2021;Dorigny;46.521435;6.583685;M;NR;SAD;36.7;06.août;0;4;1;plusADN;repassage2;168;35.954;NA;18.313;5.10662505003066E-06
169;NO;NO;04.10.2021;Dorigny;46.521435;6.583685;M;NR;AD;39;07.avr;0;3;NA;Infecte;3-oldMolly;169;27.633;3.75701979437891E-08;16.731;0.0000134479154755489
170;NO;R;04.10.2021;Dorigny;46.521435;6.583685;M;NR;SAD;39.1;7;0;4;NA;plusADN;repassage2;170;32.679;NA;18.351;0.0000049892235220736
171;NO;NO;04.10.2021;Dorigny;46.521435;6.583685;M;NR;SAD;38.8;7;0;3;NA;Infecte;3-oldMolly;171;30.807;4.69460781096251E-09;18.044;6.02058219861457E-06
172;NO;R;04.10.2021;Dorigny;46.521435;6.583685;M;NR;SAD;38.7;06.juil;3;4;NA;Infecte;Repassage1;172;31.999;1.84387835166246E-09;18.5735;4.35400465365664E-06
173;NO;NO;04.10.2021;Dorigny;46.521435;6.583685;M;R;SAD;37.6;07.mai;0;5;NA;Infecte;3-oldMolly;173;32.3485;1.70972176788912E-09;19.4595;1.60028148147854E-06
174;NO;NO;04.10.2021;Dorigny;46.521435;6.583685;F;O;SAD;34.7;06.mars;4;13;NA;Infecte;3-oldMolly;174;23.7395;4.81770349962255E-07;16.201;0.000012528974457748
175;NO;R;04.10.2021;Dorigny;46.521435;6.583685;M;NR;SAD;38.1;07.mai;4;3;NA;NoInfect;3-oldMolly;175;#DIV/0!;0,00E+00;15.6195;0.0000265527505934164
176;NO;NO;04.10.2021;Dorigny;46.521435;6.583685;M;NR;AD;36.8;06.juil;1;5;NA;NA;NA;NA;NA;NA;NA;NA
177;NO;NO;27.05.2022;Dorigny;46.521435;6.583685;F;P;AD;36.4;09.avr;10;8;NA;NA;NA;NA;NA;NA;NA;NA
178;NO;R;27.05.2022;Dorigny;46.521435;6.583685;M;NR;AD;34.6;06.mai;1;4;NA;Infecte;3+5OnlyBat;178;31.9615;3.05847718877105E-09;15.0305;0.0000172411784702173
179;NO;NO;27.05.2022;Dorigny;46.521435;6.583685;F;P;AD;38.4;08.mai;17;4;NA;NA;NA;NA;NA;NA;NA;NA
180;NO;NO;27.05.2022;Dorigny;46.521435;6.583685;F;P;AD;36.9;09.mars;9;3;NA;NA;NA;NA;NA;NA;NA;NA
181;NO;NO;27.05.2022;Dorigny;46.521435;6.583685;F;P;AD;38.2;09.janv;3;5;NA;NA;NA;NA;NA;NA;NA;NA
182;NO;NO;27.05.2022;Dorigny;46.521435;6.583685;F;P;AD;38.4;08.mars;8;3;NA;NA;NA;NA;NA;NA;NA;NA
183;NO;NO;27.05.2022;Dorigny;46.521435;6.583685;F;P;AD;38.1;09.mars;6;7;NA;NA;NA;NA;NA;NA;NA;NA
184;NO;NO;27.05.2022;Dorigny;46.521435;6.583685;F;P;AD;37.6;10.févr;6;4;NA;NA;NA;NA;NA;NA;NA;NA
185;NO;NO;27.05.2022;Dorigny;46.521435;6.583685;M;NR;AD;38.6;07.juil;1;2;NA;NoInfect;3;185;19.2685;0,00E+00;18.9725;2.85102716520302E-06
186;NO;NO;27.05.2022;Dorigny;46.521435;6.583685;F;P;SAD;38;09.janv;3;2;NA;NA;NA;NA;NA;NA;NA;NA
187;NO;NO;27.05.2022;Dorigny;46.521435;6.583685;F;P;AD;36.7;08.avr;37;3;NA;NA;NA;NA;NA;NA;NA;NA
188;NO;NO;27.05.2022;Dorigny;46.521435;6.583685;F;P;AD;37.3;09.janv;13;8;NA;NA;NA;NA;NA;NA;NA;NA
189;NO;NO;27.05.2022;Dorigny;46.521435;6.583685;F;O;SAD;37.7;07.août;3;5;NA;Infecte;3+5OnlyBat;189;24.7855;2.92907901773045E-07;15.702;0.0000110035683717332
190;NO;NO;27.05.2022;Dorigny;46.521435;6.583685;F;P;SAD;37.7;08.sept;6;4;NA;NA;NA;NA;NA;NA;NA;NA
191;NO;NO;27.05.2022;Dorigny;46.521435;6.583685;F;P;AD;38.6;09.févr;26;8;NA;NA;NA;NA;NA;NA;NA;NA
192;NO;NO;27.05.2022;Dorigny;46.521435;6.583685;F;P;AD;37.8;08.mai;8;3;NA;NA;NA;NA;NA;NA;NA;NA
193;NO;NO;27.05.2022;Dorigny;46.521435;6.583685;F;P;AD;37;09.janv;6;9;NA;NA;NA;NA;NA;NA;NA;NA
194;NO;NO;27.05.2022;Dorigny;46.521435;6.583685;F;P;AD;37.6;09.janv;0;5;NA;NA;NA;NA;NA;NA;NA;NA
195;NO;NO;27.05.2022;Dorigny;46.521435;6.583685;F;P;AD;36.6;09.janv;0;9;NA;NA;NA;NA;NA;NA;NA;NA
196;NO;NO;27.05.2022;Dorigny;46.521435;6.583685;F;P;AD;36.7;08.mai;4;5;NA;NA;NA;NA;NA;NA;NA;NA
197;D2808;NO;27.05.2022;Dorigny;46.521435;6.583685;M;NR;AD;37;07.juil;5;1;NA;Infecte;3+5OnlyBat;197;24.9605;2.62068751790492E-07;15.988;9.08796097972067E-06
198;NO;NO;27.05.2022;Dorigny;46.521435;6.583685;M;NR;SAD;37.8;07.mai;0;1;NA;NoInfect;3;198;37.0275;0,00E+00;15.5485;0.0000241638521456207
199;NO;NO;27.05.2022;Dorigny;46.521435;6.583685;M;NR;SAD;38.1;06.avr;1;4;NA;NoInfect;3+5OnlyBat;199;#DIV/0!;0,00E+00;19.9595;6.38214399946091E-07
200;D2864;R;27.05.2022;Dorigny;46.521435;6.583685;M;NR;AD;39.4;07.août;5;4;NA;NoInfect;3;200;19.734;0,00E+00;16.4955;0.0000133800283745821
NA;NO;NO;27.05.2022;Dorigny;46.521435;6.583685;F;P;AD;37.8;09.juin;NA;NA;NA;NA;NA;NA;NA;NA;NA;NA
NA;NO;NO;27.05.2022;Dorigny;46.521435;6.583685;F;P;AD;38.2;08.juin;NA;NA;NA;NA;NA;NA;NA;NA;NA;NA
NA;E3371;NO;27.05.2022;Dorigny;46.521435;6.583685;F;O;AD;37.9;07.avr;NA;NA;NA;NA;NA;NA;NA;NA;NA;NA
NA;NO;NO;27.05.2022;Dorigny;46.521435;6.583685;F;P;AD;38.1;08.juin;NA;NA;NA;NA;NA;NA;NA;NA;NA;NA
NA;NO;NO;27.05.2022;Dorigny;46.521435;6.583685;F;P;AD;38.2;08.juil;NA;NA;NA;NA;NA;NA;NA;NA;NA;NA
NA;NO;NO;27.05.2022;Dorigny;46.521435;6.583685;F;P;AD;38.3;08.mai;NA;NA;NA;NA;NA;NA;NA;NA;NA;NA
NA;NO;NO;27.05.2022;Dorigny;46.521435;6.583685;F;P;AD;38.1;09.août;NA;NA;NA;NA;NA;NA;NA;NA;NA;NA
NA;NO;NO;27.05.2022;Dorigny;46.521435;6.583685;F;P;SAD;37.8;10.févr;NA;NA;NA;NA;NA;NA;NA;NA;NA;NA
NA;NO;NO;27.05.2022;Dorigny;46.521435;6.583685;F;O;AD;39.6;07.mai;NA;NA;NA;NA;NA;NA;NA;NA;NA;NA
NA;NO;NO;27.05.2022;Dorigny;46.521435;6.583685;F;O;AD;38.6;06.mai;NA;NA;NA;NA;NA;NA;NA;NA;NA;NA
NA;NO;NO;27.05.2022;Dorigny;46.521435;6.583685;F;P;AD;36.5;09.août;NA;NA;NA;NA;NA;NA;NA;NA;NA;NA
NA;NO;NO;27.05.2022;Dorigny;46.521435;6.583685;F;P;AD;36.5;08.mai;NA;NA;NA;NA;NA;NA;NA;NA;NA;NA
NA;D2836;R;27.05.2022;Dorigny;46.521435;6.583685;F;P;AD;36.8;08.janv;NA;NA;NA;NA;NA;NA;NA;NA;NA;NA
NA;NO;NO;27.05.2022;Dorigny;46.521435;6.583685;F;P;AD;39.4;08.sept;NA;NA;NA;NA;NA;NA;NA;NA;NA;NA
NA;NO;NO;27.05.2022;Dorigny;46.521435;6.583685;F;P;AD;36.7;09.janv;NA;NA;NA;NA;NA;NA;NA;NA;NA;NA
NA;NO;NO;27.05.2022;Dorigny;46.521435;6.583685;F;P;SAD;37.8;08.juin;NA;NA;NA;NA;NA;NA;NA;NA;NA;NA
NA;NO;NO;27.05.2022;Dorigny;46.521435;6.583685;M;NR;AD;35.7;7;NA;NA;NA;NA;NA;NA;NA;NA;NA;NA
201;NO;NO;28.06.2022;MaisonRiviere;46.492753;6.479130;F;L;AD;40.6;08.avr;7;7;NA;NoInfect;3;201;0;0,00E+00;14.2125;0.0000556319055521712
202;NO;NO;28.06.2022;MaisonRiviere;46.492753;6.479130;F;L;AD;37.7;08.févr;9;2;NA;NoInfect;3+5OnlyBat;202;#DIV/0!;0,00E+00;14.8725;0.0000191627202466907
203;NO;NO;28.06.2022;MaisonRiviere;46.492753;6.479130;F;L;AD;38;08.janv;3;2;NA;Infecte;Repassage1;203;30.7865;4.0978608608295E-09;15.182;0.0000303749510604559
204;NO;NO;28.06.2022;MaisonRiviere;46.492753;6.479130;F;L;AD;38;07.août;7;7;NA;NoInfect;3+5OnlyBat;204;34.868;0,00E+00;14.516;0.0000243220726226025
205;NO;NO;28.06.2022;MaisonRiviere;46.492753;6.479130;F;L;AD;38.8;08.janv;12;3;NA;Infecte;3+5OnlyBat;205;32.496;2.17738307420902E-09;14.385;0.0000265490383387869
206;NO;NO;28.06.2022;MaisonRiviere;46.492753;6.479130;F;L;AD;37.5;08.janv;4;4;NA;Infecte;3;206;29.9865;5.54143306035754E-09;17.472;7.27362910870965E-06
207;NO;NO;13.07.2022;Boisdelarape;46.821088 ;6.616786;M;R;AD;37.6;05.juil;0;4;NA;Infecte;3+5OnlyBat;207;27.941;3.94028225613237E-08;17.6955;2.90089944531292E-06
208;NO;NO;19.07.2022;Dorigny;46.521435;6.583685;F;L;AD;36.5;7;10;30;NA;NoInfect;3+5OnlyBat;208;#DIV/0!;0,00E+00;2438330,00;0.0000737399069001959
209;NO;NO;19.07.2022;Dorigny;46.521435;6.583685;F;L;AD;39.8;08.févr;24;5;NA;Infecte;3;209;31.579;1.98229592835039E-09;18.551;3.70902672027265E-06
210;NO;NO;19.07.2022;Dorigny;46.521435;6.583685;F;L;AD;38.8;08.juin;8;4;NA;NoInfect;3+5OnlyBat;210;#DIV/0!;0,00E+00;16.9795;4.68264086656267E-06
211;NO;NO;19.07.2022;Dorigny;46.521435;6.583685;M;NR;JUV;38.4;08.janv;17;4;NA;Infecte;3;211;15.5175;0.0000630916615966463;13.7555;0.0000739955745734705
212;NO;NO;19.07.2022;Dorigny;46.521435;6.583685;M;NR;JUV;35.6;06.janv;13;6;NA;Infecte;3+5OnlyBat;212;21.3145;2.66097879411591E-06;17.219;3.98960061370052E-06
213;NO;NO;19.07.2022;Dorigny;46.521435;6.583685;F;O;JUV;36.6;06.mai;13;8;NA;Infecte;3+5OnlyBat;213;21.418;2.49152954145838E-06;1912380,00;0.0000811944932534679
214;NO;NO;19.07.2022;Dorigny;46.521435;6.583685;F;L;AD;39;07.juil;11;11;NA;Infecte;Repassage1;214;30.9105;3.7764879273555E-09;17.2915;3.80077538218481E-06
215;NO;NO;19.07.2022;Dorigny;46.521435;6.583685;M;NR;AD;38.6;07.janv;10;3;NA;NoInfect;3;215;0;0,00E+00;22.7065;2.77206192426218E-07
216;NO;NO;19.07.2022;Dorigny;46.521435;6.583685;F;L;AD;36.2;7;12;7;NA;NA;NA;NA;NA;NA;NA;NA
217;E3375;NO;19.07.2022;Dorigny;46.521435;6.583685;M;NR;AD;37.5;07.févr;4;6;NA;Noinfect;Repassage1;217;33.758;0,00E+00;15.698;0.0000220110257528971
218;NO;NO;19.07.2022;Dorigny;46.521435;6.583685;F;L;AD;38;7;35;12;NA;NoInfect;3;218;37.7575;0,00E+00;13.6355;0.0000797507704786045
219;NO;NO;19.07.2022;Dorigny;46.521435;6.583685;F;L;AD;36.8;06.juin;23;6;NA;NoInfect;3;219;0;0,00E+00;21.962;4.41183374297925E-07
220;NO;NO;19.07.2022;Dorigny;46.521435;6.583685;M;NR;SAD;36.6;07.févr;1;6;NA;Infecte;Repassage1;220;32.5865;1.25222700788234E-09;16.928;4.84672899226071E-06
221;D2836;R;19.07.2022;Dorigny;46.521435;6.583685;F;L;AD;36.8;7;32;6;NA;plusADN;Repassage1;221;#DIV/0!;NA;16.9175;0.00000488088305933
222;NO;NO;19.07.2022;Dorigny;46.521435;6.583685;M;NR;SAD;38.9;7;5;4;NA;Infecte;3+5OnlyBat;222;26.7275;8.52242572110798E-08;2814530,00;0.0000688314334137544
223;NO;NO;19.07.2022;Dorigny;46.521435;6.583685;F;L;AD;38;07.mai;33;9;NA;NoInfect;3;223;0;0,00E+00;19.5185;2.02765361022194E-06
224;NO;NO;19.07.2022;Dorigny;46.521435;6.583685;M;NR;JUV;36.1;06.janv;21;5;NA;Infecte;3;224;28.766;1.21839013818878E-08;17.395;7.63174792622474E-06
225;NO;NO;19.07.2022;Dorigny;46.521435;6.583685;M;NR;AD;38.4;07.févr;4;7;NA;NA;NA;NA;NA;NA;NA;NA
226;NO;NO;19.07.2022;Dorigny;46.521435;6.583685;M;NR;AD;38.9;07.mars;10;10;NA;Infecte;3;226;25.4495;1.03647610317936E-07;14.779;0.0000390624325118967
227;NO;NO;19.07.2022;Dorigny;46.521435;6.583685;M;NR;AD;37.2;06.avr;8;9;NA;Infecte;3;227;25.5725;9.57362770677927E-08;17.4505;7.37189752866779E-06
228;NO;NO;19.07.2022;Dorigny;46.521435;6.583685;M;NR;JUV;37.3;07.févr;9;5;NA;Infecte;3+5OnlyBat;228;13.0495;0.000509248634315212;13.737;0.0000409502684220071
229;NO;NO;19.07.2022;Dorigny;46.521435;6.583685;F;O;JUV;37.9;06.août;21;9;NA;Infecte;3;229;17.817;0.0000142992278882006;14.276;0.0000534700510917941
230;NO;R;19.07.2022;Dorigny;46.521435;6.583685;F;L;AD;37.6;06.juil;28;9;NA;NA;NA;NA;NA;NA;NA;NA
NA;NO;NO;19.07.2022;Dorigny;46.521435;6.583685;F;L;AD;37.1;06.juil;P;P;NA;NA;NA;NA;NA;NA;NA;NA
NA;NO;NO;19.07.2022;Dorigny;46.521435;6.583685;F;L;AD;37.9;7;P;P;NA;NA;NA;NA;NA;NA;NA;NA
NA;NO;NO;19.07.2022;Dorigny;46.521435;6.583685;M;NR;AD;36.5;06.avr;NA;NA;NA;NA;NA;NA;NA;NA;NA;NA
NA;NO;NO;19.07.2022;Dorigny;46.521435;6.583685;M;NR;AD;35.6;06.mars;P;P;NA;NA;NA;NA;NA;NA;NA;NA
NA;NO;NO;19.07.2022;Dorigny;46.521435;6.583685;M;NR;JUV;36.2;06.mars;P;P;NA;NA;NA;NA;NA;NA;NA;NA
NA;NO;NO;19.07.2022;Dorigny;46.521435;6.583685;M;NR;AD;36.7;07.janv;P;P;NA;NA;NA;NA;NA;NA;NA;NA
NA;NO;NO;19.07.2022;Dorigny;46.521435;6.583685;F;O;AD;37.6;06.avr;P;P;NA;NA;NA;NA;NA;NA;NA;NA
NA;NO;NO;19.07.2022;Dorigny;46.521435;6.583685;F;O;AD;39.5;8;P;P;NA;NA;NA;NA;NA;NA;NA;NA
NA;NO;NO;19.07.2022;Dorigny;46.521435;6.583685;F;L;AD;39;07.juil;P;P;NA;NA;NA;NA;NA;NA;NA;NA
231;NO;NO;21.07.2022;MaisonRiviere;46.492753;6.479130;F;L;AD;36.6;07.juil;5;4;NA;NoInfect;3;231;19.8285;0,00E+00;14.802;0.0000385056565110201
232;NO;NO;21.07.2022;MaisonRiviere;46.492753;6.479130;M;NR;JUV;38.1;06.mai;1;11;NA;Infecte;3;232;22.197;8.46038182411336E-07;13.9615;0.0000650674901942003
233;NO;NO;21.07.2022;MaisonRiviere;46.492753;6.479130;F;L;AD;36.6;07.sept;13;9;NA;Infecte;3+5OnlyBat;233;33.0015;1.57895977313574E-09;16.624;5.93941714177665E-06
234;NO;NO;21.07.2022;MaisonRiviere;46.492753;6.479130;F;L;AD;37.6;07.mars;24;11;NA;NoInfect;3;234;38.675;0,00E+00;14.8745;0.0000368020075334608
235;NO;NO;21.07.2022;MaisonRiviere;46.492753;6.479130;F;O;JUV;39.3;07.mars;9;4;NA;Infecte;3+5OnlyBat;235;16.4185;0.0000598109615087418;13.777;0.0000398693336892016
236;NO;NO;21.07.2022;MaisonRiviere;46.492753;6.479130;M;NR;JUV;35.6;06.mai;6;3;NA;Infecte;3+5OnlyBat;236;16.436;0.0000591492441572992;18.645;1.53728976691203E-06
237;NO;NO;21.07.2022;MaisonRiviere;46.492753;6.479130;M;NR;AD;37.2;06.sept;3;4;NA;Infecte;3+5OnlyBat;237;33.074;1.5078373619506E-09;17.674;2.94291168351074E-06
238;NO;NO;21.07.2022;MaisonRiviere;46.492753;6.479130;F;O;JUV;39.3;07.mai;12;6;NA;NoInfect;3;238;0;0,00E+00;17.0565;9.42721260915743E-06
239;NO;NO;21.07.2022;MaisonRiviere;46.492753;6.479130;M;NR;SAD;37.2;07.mars;7;9;NA;Infecte;3+5OnlyBat;239;31.045;5.47699370605918E-09;19.268;1.01346530958346E-06
240;NO;NO;21.07.2022;MaisonRiviere;46.492753;6.479130;F;L;AD;36.9;07.févr;18;10;NA;NA;NA;NA;NA;NA;NA;NA
241;NO;NO;21.07.2022;MaisonRiviere;46.492753;6.479130;M;NR;JUV;37.6;07.sept;8;8;NA;Infecte;3;241;15.349;0.000070341324405328;16.9375;0.000010154098365657
242;NO;NO;21.07.2022;MaisonRiviere;46.492753;6.479130;F;O;JUV;38;7;13;10;NA;Infecte;3;242;23.3085;4.12841713220821E-07;16.609;0.0000124649312888087
243;NO;NO;21.07.2022;MaisonRiviere;46.492753;6.479130;F;O;JUV;38.6;07.mars;14;9;NA;Infecte;3;243;25.5325;9.82404719456406E-08;18.0155;5.18109138326868E-06
244;NO;NO;21.07.2022;MaisonRiviere;46.492753;6.479130;M;NR;AD;38.2;07.mars;0;9;NA;Infecte;3+5OnlyBat;244;28.0825;3.60131010027985E-08;16.795;5.29758384580878E-06
245;NO;R;21.07.2022;MaisonRiviere;46.492753;6.479130;M;NR;SAD;36.6;06.juil;5;10;NA;NA;NA;NA;NA;NA;NA;NA
246;NO;NO;21.07.2022;MaisonRiviere;46.492753;6.479130;F;L;SAD;35.6;06.juil;21;8;NA;NoValeur;repassage2;246;32.681;NA;17.993;5.25436775884196E-06
247;NO;NO;21.07.2022;MaisonRiviere;46.492753;6.479130;F;L;AD;38;07.juil;12;5;NA;Infecte;3;247;28.3235;1.62121346399113E-08;17.153;8.87614628458764E-06
248;NO;NO;21.07.2022;MaisonRiviere;46.492753;6.479130;F;O;JUV;39.6;07.mars;19;5;NA;Infecte;3;248;24.5665;1.83276275971688E-07;14.374;0.0000502973534807991
249;NO;NO;21.07.2022;MaisonRiviere;46.492753;6.479130;F;O;JUV;37.1;06.avr;6;1;NA;Infecte;3+5OnlyBat;249;13.607;0.000357280560526326;17.9535;2.44117000442892E-06
250;NO;NO;21.07.2022;MaisonRiviere;46.492753;6.479130;F;O;JUV;38.6;07.mars;8;3;NA;Infecte;Repassage1;250;29.9845;6.94963895001564E-09;15.0895;0.0000321803032859863
251;NO;NO;21.07.2022;MaisonRiviere;46.492753;6.479130;M;NR;AD;36.3;7;14;3;NA;Noinfect;Repassage1;251;37.146;0,00E+00;14.825;0.0000379568165114424
252;NO;NO;21.07.2022;MaisonRiviere;46.492753;6.479130;M;NR;AD;36.9;07.janv;3;6;NA;NoInfect;3+5OnlyBat;252;#DIV/0!;0,00E+00;18.788;1.39708294162205E-06
253;NO;NO;21.07.2022;MaisonRiviere;46.492753;6.479130;M;NR;AD;35.6;06.avr;2;2;NA;Infecte;3+5OnlyBat;253;32.9085;1.67512603130247E-09;19.5375;8.46319070637254E-07
254;NO;NO;21.07.2022;MaisonRiviere;46.492753;6.479130;M;NR;JUV;37.7;06.févr;9;5;NA;Infecte;3;254;19.7205;4.18476304531523E-06;16.627;0.0000123256694818152
NA;NO;NO;21.07.2022;MaisonRiviere;46.492753;6.479130;F;O;JUV;38;07.juil;P;P;NA;NA;NA;NA;NA;NA;NA;NA
NA;NO;NO;21.07.2022;MaisonRiviere;46.492753;6.479130;M;NR;AD;37.8;07.juin;P;P;NA;NA;NA;NA;NA;NA;NA;NA
NA;NO;NO;21.07.2022;MaisonRiviere;46.492753;6.479130;F;P;AD;38.9;08.févr;P;P;NA;NA;NA;NA;NA;NA;NA;NA
NA;NO;NO;21.07.2022;MaisonRiviere;46.492753;6.479130;F;O;JUV;37.9;07.mai;P;P;NA;NA;NA;NA;NA;NA;NA;NA
NA;NO;NO;21.07.2022;MaisonRiviere;46.492753;6.479130;M;NR;AD;35.8;07.févr;P;P;NA;NA;NA;NA;NA;NA;NA;NA
255;NO;NO;27.07.2022;GrottesauxFees;46.699339;6.341309;M;R;AD;38.4;09.janv;3;0;NA;NoInfect;3;255;36.7445;0,00E+00;17.233;0.0000084438081508715
256;NO;NO;27.07.2022;GrottesauxFees;46.699339;6.341309;M;NR;AD;37.4;08.févr;0;3;NA;NoInfect;3;256;0;0,00E+00;20.084;1.42462378126601E-06
257;NO;NO;28.07.2022;Arboretum;46.518185;6.360581;M;R;AD;36.9;07.mars;0;6;NA;Noinfect;Repassage1;257;37.0305;0,00E+00;14.571;0.0000234436991766949
258;NO;NO;28.07.2022;Arboretum;46.518185;6.360581;M;R;SAD;37;07.févr;0;1;NA;Noinfect;Repassage1;258;37.571;0,00E+00;16.5785;0.0000127045039359024
259;NO;NO;28.07.2022;Arboretum;46.518185;6.360581;M;NR;AD;38.5;08.mai;2;3;NA;Infecte;3;259;31.35;2.29809562755798E-09;15.426;0.0000260839284845734
260;NO;NO;28.07.2022;Arboretum;46.518185;6.360581;M;R;AD;37.4;07.avr;1;3;NA;Infecte;3;260;30.505;3.96517030119047E-09;14.8595;0.0000371481895153721
261;NO;NO;28.07.2022;Arboretum;46.518185;6.360581;M;R;AD;38.5;07.sept;7;7;NA;NA;NA;NA;NA;NA;NA;NA
262;NO;NO;28.07.2022;Arboretum;46.518185;6.360581;M;R;SAD;38.2;06.juin;2;4;NA;Infecte;3;262;24.712;1.66845950895011E-07;16.055;0.0000176143283732221
263;NO;NO;28.07.2022;Arboretum;46.518185;6.360581;M;R;AD;36.6;8;2;3;NA;Infecte;3+5OnlyBat;263;26.974;7.2862975457037E-08;18.929;1.27136289524348E-06
264;NO;NO;28.07.2022;Arboretum;46.518185;6.360581;M;R;SAD;36;06.sept;3;4;NA;Infecte;3;264;31.651;1.89227154834648E-09;24.8445;7.2986421527505E-08
265;NO;NO;28.07.2022;Arboretum;46.518185;6.360581;M;R;AD;37;07.août;2;3;NA;Noinfect;Repassage1;265;33.8965;0,00E+00;17.9785;2.40069459940827E-06
266;NO;NO;07.06.2023;MaisonRiviere;46.492753;6.479130;F;P;SAD;39.5;09.juil;5;5;NA;NA;NA;NA;NA;NA;NA;NA
267;NO;NO;07.06.2023;MaisonRiviere;46.492754;6.479131;F;P;SAD;36.5;09.avr;4;4;NA;NA;NA;NA;NA;NA;NA;NA
268;NO;NO;07.06.2023;MaisonRiviere;46.492755;6.479132;M;NR;SAD;38.2;07.mai;0;3;NA;Infecte;3;268;23.793;3.0196398241655E-07;14.4535;0.0000478624117372045
269;NO;NO;07.06.2023;MaisonRiviere;46.492756;6.479133;F;P;AD;38.5;10;12;4;NA;NA;NA;NA;NA;NA;NA;NA
270;NO;NO;07.06.2023;MaisonRiviere;46.492757;6.479134;M;NR;AD;38.6;7;0;3;NA;NoInfect;3;270;18.254;0,00E+00;16.4915;0.0000134134760795956
271;NO;NO;07.06.2023;MaisonRiviere;46.492758;6.479135;F;P;SAD;39;09.juil;15;5;NA;NA;NA;NA;NA;NA;NA;NA
272;NO;NO;07.06.2023;MaisonRiviere;46.492759;6.479136;F;P;SAD;37.9;09.janv;7;6;NA;NA;NA;NA;NA;NA;NA;NA
273;NO;NO;07.06.2023;MaisonRiviere;46.492760;6.479137;F;P;AD;38.9;10;2;4;NA;NA;NA;NA;NA;NA;NA;NA
274;NO;NO;07.06.2023;MaisonRiviere;46.492761;6.479138;M;NR;AD;37.6;07.févr;3;4;NA;NoValeur;repassage2;274;31.9365;NA;15.77;0.0000210437337081639
275;NO;NO;07.06.2023;MaisonRiviere;46.492762;6.479139;M;NR;AD;36.4;07.août;5;1;NA;NoInfect;3;275;19.009;0,00E+00;19.7585;1.74556282353386E-06
276;NO;NO;07.06.2023;MaisonRiviere;46.492763;6.479140;M;NR;AD;38.5;07.sept;13;1;NA;Infecte;3;276;26.953;3.92696138029049E-08;19.496;2.05633079355728E-06
277;NO;NO;07.06.2023;MaisonRiviere;46.492764;6.479141;F;P;AD;37.5;09.mai;6;5;NA;NA;NA;NA;NA;NA;NA;NA
278;NO;NO;07.06.2023;MaisonRiviere;46.492765;6.479142;M;NR;AD;36.2;06.juil;0;4;NA;NoInfect;3+5OnlyBat;278;#DIV/0!;0,00E+00;18.297;1.94012798666906E-06
279;NO;NO;07.06.2023;MaisonRiviere;46.492766;6.479143;M;NR;AD;36.1;07.janv;0;5;NA;NoInfect;3+5OnlyBat;279;#DIV/0!;0,00E+00;18.5825;1.60290768103624E-06
280;NO;NO;07.06.2023;MaisonRiviere;46.492767;6.479144;M;NR;SAD;35.5;8;4;4;NA;Infecte;Repassage1;280;33.294;7.8579439098568E-10;19.806;1.69456942299355E-06
281;NO;NO;07.06.2023;MaisonRiviere;46.492768;6.479145;M;NR;AD;35.9;8;11;2;NA;NA;NA;NA;NA;NA;NA;NA
282;NO;NO;07.06.2023;MaisonRiviere;46.492769;6.479146;F;P;SAD;38.6;11.avr;3;8;NA;NA;NA;NA;NA;NA;NA;NA
283;NO;NO;07.06.2023;MaisonRiviere;46.492770;6.479147;M;NR;AD;37.3;09.févr;5;2;NA;Infecte;3;283;30.7305;3.42802084326006E-09;18.9775;0.0000028421433221182
284;NO;NO;07.06.2023;MaisonRiviere;46.492771;6.479148;F;P;SAD;38.7;10.juil;10;7;NA;NA;NA;NA;NA;NA;NA;NA
285;NO;NO;07.06.2023;MaisonRiviere;46.492772;6.479149;F;P;SAD;37.3;08.sept;8;3;NA;NA;NA;NA;NA;NA;NA;NA
286;NO;NO;09.06.2023;Dorigny;46.521435;6.583685;M;NR;SAD;36.6;7;16;9;NA;Infecte;Repassage1;286;32.625;1.22087297546093E-09;13.929;0.0000360156644866027
287;NO;NO;09.06.2023;Dorigny;46.521435;6.583685;M;NR;SAD;36.9;7;2;1;NA;NoInfect;3;287;38.0435;0,00E+00;19.3485;2.25463744018377E-06
288;NO;NO;09.06.2023;Dorigny;46.521435;6.583685;F;P;AD;37.6;10;3;4;NA;NA;NA;NA;NA;NA;NA;NA
289;NO;NO;09.06.2023;Dorigny;46.521435;6.583685;F;O;SAD;38.7;08.mai;3;3;NA;Infecte;3;289;25.659;9.05370760990732E-08;16.0155;0.0000180540066121427
290;NO;NO;09.06.2023;Dorigny;46.521435;6.583685;F;O;SAD;37;07.avr;6;7;NA;Infecte;repassage2;290;31.111;4.47759466167042E-09;16.742;0.0000114719371214353
291;E3375;R;09.06.2023;Dorigny;46.521435;6.583685;M;NR;AD;37.4;07.avr;4;2;NA;Infecte;repassage2;291;31.6855;3.01683972978155E-09;20.0655;5.94537831311404E-07
292;NO;NO;09.06.2023;Dorigny;46.521435;6.583685;M;NR;AD;38.7;06.sept;7;1;NA;Noinfect;Repassage1;292;35.7495;0,00E+00;20.4635;1.12415651647299E-06
293;NO;NO;09.06.2023;Dorigny;46.521435;6.583685;F;P;AD;38.2;10;3;6;NA;NA;NA;NA;NA;NA;NA;NA
294;NO;NO;09.06.2023;Dorigny;46.521435;6.583685;F;P;AD;37.9;10.mars;7;5;NA;NA;NA;NA;NA;NA;NA;NA
295;NO;NO;09.06.2023;Dorigny;46.521435;6.583685;M;NR;AD;37.8;07.juin;7;8;NA;NoInfect;3+5OnlyBat;295;#DIV/0!;0,00E+00;15.9385;9.39384630870589E-06
296;NO;NO;09.06.2023;Dorigny;46.521435;6.583685;F;P;AD;38.6;09.sept;4;6;NA;NA;NA;NA;NA;NA;NA;NA
297;NO;NO;09.06.2023;Dorigny;46.521435;6.583685;F;P;AD;36.2;10.mars;4;7;NA;NA;NA;NA;NA;NA;NA;NA
298;NO;NO;09.06.2023;Dorigny;46.521435;6.583685;F;O;SAD;38.4;9;6;7;NA;Infecte;3;298;29.août;6.25038723834126E-09;17.631;0.0000065864293951944
299;NO;NO;09.06.2023;Dorigny;46.521435;6.583685;F;P;AD;38.7;12.janv;1;4;NA;NA;NA;NA;NA;NA;NA;NA
300;NO;NO;09.06.2023;Dorigny;46.521435;6.583685;F;P;AD;36.9;09.juin;4;7;NA;NA;NA;NA;NA;NA;NA;NA
301;NO;NO;09.06.2023;Dorigny;46.521435;6.583685;F;P;AD;37.4;09.janv;5;14;NA;NA;NA;NA;NA;NA;NA;NA
302;NO;NO;09.06.2023;Dorigny;46.521435;6.583685;M;NR;SAD;35.6;7;8;0;NA;Infecte;3;302;31.1555;2.60552779637179E-09;16.7675;0.0000112907896255581
303;NO;NO;09.06.2023;Dorigny;46.521435;6.583685;F;P;SAD;38.4;09.juil;15;7;NA;NA;NA;NA;NA;NA;NA;NA
304;NO;NO;09.06.2023;Dorigny;46.521435;6.583685;F;P;SAD;36.8;09.janv;5;6;NA;NA;NA;NA;NA;NA;NA;NA
305;NO;NO;09.06.2023;Dorigny;46.521435;6.583685;M;NR;AD;38.4;08.mai;1;4;NA;Infecte;3;305;28.0825;1.89410469654176E-08;16.761;0.0000113366910328804
306;NO;NO;09.06.2023;Dorigny;46.521435;6.583685;M;NR;AD;36.8;06.sept;11;7;NA;NoInfect;3;306;37.711;0,00E+00;17.184;0.0000087060486506124
307;NO;NO;09.06.2023;Dorigny;46.521435;6.583685;M;NR;SAD;37.7;07.mars;1;2;NA;Infecte;3;307;27.3905;2.96076911380863E-08;45919,00;2.64941447734361E-06
308;NO;NO;09.06.2023;Dorigny;46.521435;6.583685;F;P;AD;37.8;10.sept;4;2;NA;NA;NA;NA;NA;NA;NA;NA
309;NO;NO;09.06.2023;Dorigny;46.521435;6.583685;F;O;AD;34.7;07.juil;8;7;NA;Infecte;3;309;26.889;4.0925960298061E-08;20.1245;1.38906191719612E-06
310;NO;NO;09.06.2023;Dorigny;46.521435;6.583685;F;P;SAD;38;10.juil;0;1;NA;NA;NA;NA;NA;NA;NA;NA
312;NO;NO;09.06.2023;Dorigny;46.521435;6.583685;M;NR;SAD;36.2;07.févr;3;7;NA;Infecte;3+5OnlyBat;312;30.426;8.11787382909937E-09;15.507;0.000012536323783649
313;NO;NO;09.06.2023;Dorigny;46.521435;6.583685;M;NR;AD;38.6;07.juil;5;5;NA;NA;NA;NA;NA;NA;NA;NA
314;NO;NO;09.06.2023;Dorigny;46.521435;6.583685;M;NR;AD;37.4;08.févr;6;4;NA;Infecte;3;314;28.4385;1.50522084595721E-08;15.805;0.0000205889942096732
315;NO;NO;12.06.2023;Rossinière;46.466044;7.050061;M;NR;AD;37.6;07.janv;2;2;NA;Infecte;2;315;30.5085;9.75826480657725E-09;17.6075;0.0000042115560642821
316;NO;NO;12.06.2023;Rossinière;46.466044;7.050061;M;NR;AD;37.7;07.mars;0;1;NA;NA;NA;NA;NA;NA;NA;NA
317;NO;NO;12.06.2023;Rossinière;46.466044;7.050061;M;NR;AD;39.7;08.mars;4;1;NA;NoInfect;2;317;0;0,00E+00;18.759;2.01146141306802E-06
318;NO;NO;12.06.2023;Rossinière;46.466044;7.050061;M;NR;SAD;37.6;07.janv;4;3;NA;Infecte;3;318;25.488;1.0110343469387E-07;18.4615;3.92212363409636E-06
319;NO;NO;12.06.2023;Rossinière;46.466044;7.050061;M;NR;AD;37.6;08.févr;0;5;NA;NoInfect;2;319;0;0,00E+00;17.8775;3.54153672970857E-06
320;NO;NO;12.06.2023;Rossinière;46.466044;7.050061;M;NR;SAD;39;08.janv;0;1;NA;NoInfect;1;320;17.377;0,00E+00;17.918;5.28879390135065E-06
321;NO;NO;12.06.2023;Rossinière;46.466044;7.050061;F;P;SAD;40.1;11.févr;9;2;NA;NA;NA;NA;NA;NA;NA;NA
322;NO;NO;12.06.2023;Rossinière;46.466044;7.050061;M;NR;AD;37;08.avr;1;1;NA;Infecte;2;322;25.444;1.93330162453753E-07;20.825;5.34199473885874E-07
323;NO;NO;12.06.2023;Rossinière;46.466044;7.050061;F;P;NA;NA;09.mars;NA;NA;NA;NA;NA;NA;NA;NA;NA;NA
324;NO;NO;12.06.2023;Rossinière;46.466044;7.050061;F;O;SAD;38.5;08.janv;20;2;NA;Infecte;3;324;30.487;4.01151205876088E-09;19.7705;1.73253720601361E-06
325;NO;NO;12.06.2023;Rossinière;46.466044;7.050061;F;P;SAD;38.6;08.avr;2;2;NA;NA;NA;NA;NA;NA;NA;NA
326;NO;NO;12.06.2023;Rossinière;46.466044;7.050061;M;NR;AD;36.8;07.mai;0;2;NA;NoInfect;1;326;19.8075;0,00E+00;18.358;0.0000049678931773279
327;NO;R;12.06.2023;Rossinière;46.466044;7.050061;M;NR;AD;36.5;7;4;2;NA;Infecte;repassage2;327;31.5925;3.21598069314502E-09;19.8545;1.51942168978687E-06
328;NO;NO;12.06.2023;Rossinière;46.466044;7.050061;M;NR;AD;37.2;07.mai;2;3;NA;Infecte;2;328;30.4845;9.89734173763372E-09;16.2395;0.0000101324271376185
329;NO;NO;12.06.2023;Rossinière;46.466044;7.050061;M;NR;AD;38.1;07.mars;3;3;NA;Infecte;3;329;30.8005;3.27656750376222E-09;17.747;0.0000061263979638443
330;NO;NO;12.06.2023;Rossinière;46.466044;7.050061;M;NR;AD;37.9;07.mars;4;3;NA;Infecte;2;330;33.8365;1.3712981250359E-09;23.3895;1.0302909053741E-07
331;NO;NO;12.06.2023;Rossinière;46.466044;7.050061;M;NR;AD;36.9;07.janv;5;5;NA;Infecte;2;331;30.3365;1.07998741316402E-08;18.946;1.78399459397227E-06
332;NO;NO;12.06.2023;Rossinière;46.466044;7.050061;F;O;SAD;39.3;08.févr;4;1;NA;Infecte;3;332;26.3835;5.6717176955598E-08;19.635;1.88544292901569E-06
333;NO;NO;12.06.2023;Rossinière;46.466044;7.050061;F;P;AD;37.8;08.sept;8;2;NA;NA;NA;NA;NA;NA;NA;NA
334;NO;NO;12.06.2023;Rossinière;46.466044;7.050061;M;NR;SAD;37.6;07.avr;2;3;NA;Infecte;3+5OnlyBat;334;26.5815;9.35130982507127E-08;21.699;1.99406173668923E-07
335;NO;NO;12.06.2023;Rossinière;46.466044;7.050061;M;NR;AD;36.5;08.juin;0;1;NA;NoInfect;1;335;0;0,00E+00;23.848;1.16042047906884E-07
336;NO;NO;12.06.2023;Rossinière;46.466044;7.050061;M;NR;SAD;36.5;08.janv;1;1;NA;Infecte;repassage2;336;31.9405;2.53182005589749E-09;20.344;1.47319950072558E-06
337;NO;NO;14.06.2023;EmbouchureAubonne;46.461995;6.392917;M;NR;AD;37.6;07.sept;1;1;NA;NoInfect;3;337;0;0,00E+00;17.3925;7.64366610645783E-06
338;NO;NO;14.06.2023;EmbouchureAubonne;46.461995;6.392917;F;P;SAD;38.1;10.sept;0;4;NA;NA;NA;NA;NA;NA;NA;NA
339;NO;NO;14.06.2023;EmbouchureAubonne;46.461995;6.392917;F;P;AD;37.7;10.juin;2;5;NA;NA;NA;NA;NA;NA;NA;NA
340;NO;NO;14.06.2023;EmbouchureAubonne;46.461995;6.392917;M;NR;SAD;38.4;07.janv;1;2;NA;NoInfect;3+5OnlyBat;340;#DIV/0!;0,00E+00;21.237;2.71596334012292E-07
341;NO;NO;14.06.2023;EmbouchureAubonne;46.461995;6.392917;F;L;AD;38.1;07.août;2;6;NA;NoInfect;3;341;0;0,00E+00;17.2025;8.60609588622957E-06
342;NO;NO;14.06.2023;EmbouchureAubonne;46.461995;6.392917;F;P;SAD;34.8;09.août;0;0;NA;NA;NA;NA;NA;NA;NA;NA
343;NO;NO;14.06.2023;EmbouchureAubonne;46.461995;6.392917;F;P;AD;38.3;10.août;0;5;NA;NA;NA;NA;NA;NA;NA;NA
344;NO;NO;14.06.2023;EmbouchureAubonne;46.461995;6.392917;F;P;AD;38.6;10.avr;0;1;NA;NA;NA;NA;NA;NA;NA;NA
345;NO;NO;14.06.2023;EmbouchureAubonne;46.461995;6.392917;F;L;AD;38.6;09.juin;0;3;NA;Infecte;repassage2;345;31.3955;3.68230199292919E-09;21.4685;7.40203967904599E-07
346;NO;NO;14.06.2023;EmbouchureAubonne;46.461995;6.392917;F;P;SAD;38.3;10.mars;0;7;NA;NA;NA;NA;NA;NA;NA;NA
347;NO;NO;14.06.2023;EmbouchureAubonne;46.461995;6.392917;F;L;SAD;37.9;07.sept;0;5;NA;Infecte;Repassage1;347;31.0265;3.49870497580991E-09;18.248;2.00475892272044E-06
348;NO;NO;14.06.2023;EmbouchureAubonne;46.461995;6.392917;M;NR;SAD;35.6;06.sept;3;0;NA;Infecte;Repassage1;348;29.6325;8.76291787220574E-09;17.2855;7.94840010246607E-06
349;NO;NO;14.06.2023;EmbouchureAubonne;46.461995;6.392917;F;L;AD;37.8;08.mars;0;6;NA;NoInfect;3;349;0;0,00E+00;17.402;7.59847579120998E-06
350;NO;NO;14.06.2023;EmbouchureAubonne;46.461995;6.392917;M;NR;AD;36.6;07.mai;0;0;NA;NoInfect;3;350;19.154;0,00E+00;12.283;0.000185509182115247
351;NO;NO;14.06.2023;EmbouchureAubonne;46.461995;6.392917;M;NR;SAD;37.6;06.sept;1;0;NA;NA;NA;NA;NA;NA;NA;NA
352;NO;NO;14.06.2023;EmbouchureAubonne;46.461995;6.392917;F;L;AD;37.5;07.mai;1;8;NA;NoInfect;2;352;0;0,00E+00;22.1965;2.21542513745707E-07
353;NO;NO;14.06.2023;EmbouchureAubonne;46.461995;6.392917;F;O;SAD;38;07.févr;9;1;NA;Infecte;Repassage1;353;31.0725;3.39429377707851E-09;19.0085;2.62012299304046E-06
354;NO;NO;14.06.2023;EmbouchureAubonne;46.461995;6.392917;F;P;AD;37.7;09.mars;1;5;NA;NA;NA;NA;NA;NA;NA;NA
355;NO;NO;14.06.2023;EmbouchureAubonne;46.461995;6.392917;F;P;SAD;38.8;11.févr;0;3;NA;NA;NA;NA;NA;NA;NA;NA
356;NO;NO;14.06.2023;EmbouchureAubonne;46.461995;6.392917;M;NR;AD;35.9;06.mars;3;5;NA;NoInfect;3;356;38.5575;0,00E+00;18.2515;0.0000044714386423439
NA;NO;NO;20.06.2023;MaisonRiviere;46.492772;6.479149;F;L;AD;NA;NA;NA;NA;NA;NA;NA;NA;NA;NA;NA;NA
357;NO;NO;20.06.2023;MaisonRiviere;46.492772;6.479149;F;P;AD;36.6;10.août;0;8;NA;NA;NA;NA;NA;NA;NA;NA
358;NO;NO;20.06.2023;MaisonRiviere;46.492772;6.479149;F;O;SAD;38.7;08.mai;0;11;NA;Infecte;3+5OnlyBat;358;29.391;1.56745840259851E-08;19.372;9.4537186253962E-07
359;NO;NO;20.06.2023;MaisonRiviere;46.492772;6.479149;F;O;SAD;35.4;7;1;7;NA;Infecte;3+5OnlyBat;359;24.6985;3.09564368231877E-07;15.3065;0.0000143352178942565
360;NO;NO;20.06.2023;MaisonRiviere;46.492772;6.479149;F;O;SAD;38.1;07.août;1;5;NA;Infecte;3+5OnlyBat;360;26.8585;7.8414316573273E-08;19.4045;9.25045787409826E-07
361;NO;NO;20.06.2023;MaisonRiviere;46.492772;6.479149;F;L;AD;36.8;8;0;7;NA;Infecte;3;361;30.5535;3.84295221762186E-09;17.4815;7.23062649872638E-06
362;NO;NO;20.06.2023;MaisonRiviere;46.492772;6.479149;M;NR;SAD;37.5;06.sept;1;7;NA;NA;NA;NA;NA;NA;NA;NA
363;NO;NO;20.06.2023;MaisonRiviere;46.492772;6.479149;F;O;SAD;38.8;08.juin;0;1;NA;Infecte;3;363;26.8385;4.2282088799966E-08;18.0335;5.12320673621246E-06
364;NO;NO;20.06.2023;MaisonRiviere;46.492772;6.479149;M;NR;SAD;37.8;07.août;0;5;NA;Infecte;3;364;30.307;4.50578718642109E-09;14.058;0.000061263979638443
365;NO;NO;21.06.2023;Dorigny;46.521435;6.583685;F;L;AD;37.1;07.mars;0;5;NA;NoInfect;3;365;19.4325;0,00E+00;15.715;0.0000217787017260076
366;NO;NO;21.06.2023;Dorigny;46.521435;6.583685;F;O;AD;36.5;07.juin;2;2;NA;Infecte;3;366;22.1205;8.8886653829051E-07;16.0105;0.000018110439009674
367;NO;NO;21.06.2023;Dorigny;46.521435;6.583685;F;O;SAD;37.8;8;1;4;NA;Infecte;3;367;29.0585;1.00875266020424E-08;16.4155;0.0000140651098441248
368;NO;NO;21.06.2023;Dorigny;46.521435;6.583685;F;L;AD;37.8;08.avr;3;8;NA;Infecte;3;368;32.802;9.00126061609998E-10;18.9215;2.94324381580191E-06
369;NO;NO;21.06.2023;Dorigny;46.521435;6.583685;F;L;AD;38.1;08.févr;5;5;NA;Infecte;3;369;29.656;6.85925555196851E-09;13.54;0.0000846491617817268
370;NO;NO;21.06.2023;Dorigny;46.521435;6.583685;F;L;AD;38.5;08.mars;0;10;NA;Infecte;3+5OnlyBat;370;25.568;1.78110788546744E-07;19.3555;9.5586157664718E-07
371;NO;NO;21.06.2023;Dorigny;46.521435;6.583685;F;L;AD;36.2;08.avr;7;8;NA;NoInfect;3;371;0;0,00E+00;16.2585;0.0000155132248517157
372;NO;NO;21.06.2023;Dorigny;46.521435;6.583685;F;L;AD;36.5;08.janv;1;8;NA;NoInfect;3;372;17.9065;0,00E+00;19.47;2.08997436688668E-06
373;NO;NO;21.06.2023;Dorigny;46.521435;6.583685;F;O;SAD;36.9;08.févr;2;8;NA;Infecte;3+5OnlyBat;373;23.617;6.15662787705743E-07;15.218;0.0000152092789826623
374;NO;R;21.06.2023;Dorigny;46.521435;6.583685;F;L;AD;36.9;07.sept;9;9;NA;Infecte;3;374;30.18;4.89074280605838E-09;20.2635;1.27362629492688E-06
375;NO;NO;21.06.2023;Dorigny;46.521435;6.583685;M;NR;AD;38.7;07.juil;2;4;NA;NoInfect;3;375;19.627;0,00E+00;18.399;4.07815323558374E-06
376;NO;NO;21.06.2023;Dorigny;46.521435;6.583685;F;L;AD;37.6;08.févr;1;7;NA;NoInfect;3;376;18.juin;0,00E+00;19.1605;2.53535650149003E-06
377;NO;NO;21.06.2023;Dorigny;46.521435;6.583685;F;L;SAD;36.9;07.juil;0;10;NA;NoInfect;3+5OnlyBat;377;37.653;0,00E+00;19.3395;9.66144563486002E-07
378;NO;NO;21.06.2023;Dorigny;46.521435;6.583685;F;P;AD;37.9;09.juil;5;8;NA;NA;NA;NA;NA;NA;NA;NA
379;NO;NO;21.06.2023;Dorigny;46.521435;6.583685;F;L;AD;39.2;09.janv;1;4;NA;NoInfect;3;379;0;0,00E+00;18.2875;4.37208436346874E-06
380;NO;NO;21.06.2023;Dorigny;46.521435;6.583685;F;L;AD;38.7;9;1;13;NA;NoInfect;3;380;0;0,00E+00;21.2705;6.79310474548599E-07
381;NO;NO;21.06.2023;Dorigny;46.521435;6.583685;M;NR;SAD;35.7;06.sept;3;8;NA;Infecte;3;381;25.1745;1.23781257975278E-07;17.4585;7.33517839241091E-06
382;D2868;NO;21.06.2023;Dorigny;46.521435;6.583685;M;NR;AD;36.5;07.févr;0;7;NA;NoInfect;3;382;0;0,00E+00;17.732;0.0000061840265751958
383;NO;NO;21.06.2023;Dorigny;46.521435;6.583685;F;L;AD;38;08.févr;0;8;NA;Infecte;3;383;26.156;6.56891575519157E-08;18.479;3.87951509890249E-06
384;NO;NO;21.06.2023;Dorigny;46.521435;6.583685;M;NR;AD;36.9;08.févr;2;5;NA;NoInfect;3;384;0;0,00E+00;18.652;3.48242096438664E-06
385;E3375;R;21.06.2023;Dorigny;46.521435;6.583685;M;NR;AD;37.5;07.mars;3;2;NA;Infecte;3;385;29.796;6.26654719944765E-09;15.417;0.0000262308694732252
386;NO;R;21.06.2023;Dorigny;46.521435;6.583685;F;O;SAD;37.1;07.août;2;10;NA;NoInfect;3+5OnlyBat;386;#DIV/0!;0,00E+00;16.156;8.12216481316653E-06
387;NO;R;21.06.2023;Dorigny;46.521435;6.583685;F;O;SAD;38.3;09.mars;0;8;NA;Infecte;3+5OnlyBat;387;29.2445;1.72045489400876E-08;18.211;2.05498472075813E-06
388;NO;NO;28.06.2023;LacMorat;46.904397;7.057102;F;O;SAD;36.9;08.sept;3;3;NA;Infecte;1;388;24.9295;3.84681066770632E-07;14.6095;0.0000492701327100945
389;NO;NO;28.06.2023;LacMorat;46.904397;7.057102;M;NR;SAD;35;07.avr;0;1;NA;Infecte;1;389;30.795;1.12002456117291E-08;16.897;0.0000121486915480104
390;NO;NO;28.06.2023;LacMorat;46.904397;7.057102;F;L;SAD;34.8;08.juin;9;1;NA;Infecte;2;390;29.549;1.71823763248893E-08;16.735;7.37249131797137E-06
391;NO;NO;28.06.2023;LacMorat;46.904397;7.057102;F;O;SAD;37.5;08.mars;2;1;NA;Infecte;3;391;22.1815;8.54545815404815E-07;16.068;0.0000174719789635431
392;NO;NO;28.06.2023;LacMorat;46.904397;7.057102;F;L;AD;35.4;07.juil;17;3;NA;NoInfect;3;392;17.94;0,00E+00;16.619;0.0000123873704947896
393;NO;NO;28.06.2023;LacMorat;46.904397;7.057102;F;L;AD;37.8;8;1;4;NA;Infecte;1;393;31.633;6.75769173218237E-09;16.4205;0.0000138751524087079
394;NO;NO;28.06.2023;LacMorat;46.904397;7.057102;M;NR;AD;37.6;08.mars;0;4;NA;Infecte;2;394;33.2855;1.89772393243278E-09;20.4325;6.87220134444558E-07
395;NO;NO;28.06.2023;LacMorat;46.904397;7.057102;M;NR;AD;36.2;07.août;1;9;NA;Infecte;2;395;30.3895;1.0467581496709E-08;15.164;0.0000202051767216367
396;NO;NO;28.06.2023;LacMorat;46.904397;7.057102;F;L;AD;36.6;07.avr;6;5;NA;Infecte;2;396;28.712;2.81464622372528E-08;17.702;3.96373666312405E-06
397;NO;NO;28.06.2023;LacMorat;46.904397;7.057102;F;O;SAD;39.2;08.juil;0;6;NA;Infecte;1;397;24.7615;#DIV/0!;16.1745;0.0000189052143373808
398;NO;NO;28.06.2023;LacMorat;46.904397;7.057102;M;NR;AD;35.8;8;7;5;NA;NoInfect;3+5OnlyBat;398;35.2195;0,00E+00;17.974;2.40793031951387E-06
399;NO;NO;28.06.2023;LacMorat;46.904397;7.057102;M;NR;AD;37.9;08.févr;2;3;NA;NoInfect;2;399;0;0,00E+00;18.32;2.66602360953517E-06
400;NO;NO;28.06.2023;LacMorat;46.904397;7.057102;F;L;AD;37;07.juin;5;2;NA;NoInfect;1;400;35.6975;0,00E+00;17.479;7.01703828670382E-06
401;NO;NO;28.06.2023;LacMorat;46.904397;7.057102;F;L;AD;38.6;08.juin;3;5;NA;NoInfect;2;401;19.948;0,00E+00;15.8865;0.0000127085789122653
402;NO;NO;28.06.2023;LacMorat;46.904397;7.057102;F;L;AD;38.2;07.juil;4;3;NA;Infecte;1;402;27.9005;6.41428818368201E-08;46008,00;0.000010598698188825
403;NO;NO;28.06.2023;LacMorat;46.904397;7.057102;F;L;AD;37.8;07.juil;7;3;NA;NoInfect;1;403;37.751;0,00E+00;17.0275;9.38528688455611E-06
404;NO;NO;28.06.2023;LacMorat;46.904397;7.057102;M;NR;SAD;37.9;07.avr;3;9;NA;Infecte;2;404;23.8865;4.84336553583484E-07;16.334;9.53620759614829E-06
405;NO;NO;28.06.2023;LacMorat;46.904397;7.057102;M;NR;AD;37.3;07.sept;4;5;NA;Infecte;2;405;28.832;2.62237008551785E-08;17.2155;5.41621196407497E-06
406;NO;NO;28.06.2023;LacMorat;46.904397;7.057102;F;L;AD;37.8;07.avr;7;7;NA;Infecte;1;406;26.825;1.22678001615062E-07;18.038;4.89542284040111E-06
407;NO;NO;28.06.2023;LacMorat;46.904397;7.057102;F;L;AD;39;08.févr;15;8;NA;NoInfect;1;407;37.0375;0,00E+00;16.967;9.75822054540491E-06
408;NO;NO;28.06.2023;LacMorat;46.904397;7.057102;F;L;SAD;39;08.févr;2;4;NA;NoInfect;2;408;19.9855;0,00E+00;17.6285;4.15517905926752E-06
409;NO;NO;05.07.2023;EmbouchureAubonne;46.461995;6.392917;F;L;AD;38.4;07.mars;6;4;NA;NoInfect;1;409;37.371;0,00E+00;16.6365;0.0000120730828745987
410;NO;NO;05.07.2023;EmbouchureAubonne;46.461995;6.392917;M;NR;AD;37.2;07.avr;0;1;NA;NoInfect;3;410;39.248;0,00E+00;21.093;7.58899613766641E-07
411;NO;NO;05.07.2023;EmbouchureAubonne;46.461995;6.392917;M;NR;SAD;37.9;08.janv;0;2;NA;NoInfect;2;411;0;0,00E+00;18.4775;0.0000024097260358576
412;NO;NO;05.07.2023;EmbouchureAubonne;46.461995;6.392917;F;L;AD;37.5;07.sept;4;4;NA;NA;NA;NA;NA;NA;NA;NA
413;NO;NO;05.07.2023;EmbouchureAubonne;46.461995;6.392917;F;L;SAD;38.6;07.avr;11;7;NA;NoInfect;3;413;36.4935;0,00E+00;17.125;9.03263755256713E-06
414;NO;NO;05.07.2023;EmbouchureAubonne;46.461995;6.392917;M;NR;SAD;35.4;06.juin;4;1;NA;Infecte;1;414;33.303;2.46894336947097E-09;17.1475;8.68722597918585E-06
415;NO;NO;05.07.2023;EmbouchureAubonne;46.461995;6.392917;F;L;AD;34.8;06.juil;4;4;NA;Infecte;2;415;26.81;8.639561039817E-08;16.933;6.49277455396998E-06
416;NO;NO;05.07.2023;EmbouchureAubonne;46.461995;6.392917;M;NR;SAD;38.1;07.sept;8;5;NA;Infecte;Repassage1;416;30.4355;5.16366032563629E-09;18.4355;2.47555942351372E-06
417;NO;NO;05.07.2023;EmbouchureAubonne;46.461995;6.392917;F;L;AD;36.7;07.juil;16;3;NA;Infecte;1;417;31.6965;6.50385704928368E-09;18.2885;4.16600972791812E-06
418;NO;NO;05.07.2023;EmbouchureAubonne;46.461995;6.392917;M;NR;AD;35.9;07.mai;5;11;NA;Infecte;2;418;29.002;2.37224779273154E-08;14.874;0.0000243381534753066
419;NO;NO;05.07.2023;EmbouchureAubonne;46.461995;6.392917;F;L;AD;37.4;07.avr;4;6;NA;NoInfect;2;419;19.5435;0,00E+00;22.268;0.0000002116067626034
420;NO;NO;05.07.2023;EmbouchureAubonne;46.461995;6.392917;M;NR;JUV;37.1;06.févr;22;8;NA;Infecte;Repassage1;420;30.8915;3.82404402296076E-09;21.29;3.96373666312405E-07
421;NO;NO;05.07.2023;EmbouchureAubonne;46.461995;6.392917;M;NR;AD;37.8;8;5;2;NA;NoInfect;1;421;34.552;0,00E+00;17.9885;6.22861204442562E-06
422;NO;NO;05.07.2023;EmbouchureAubonne;46.461995;6.392917;F;L;AD;37.3;07.janv;6;10;NA;NoInfect;1;422;33.196;0,00E+00;22.3625;4.28264282412682E-07
423;NO;NO;05.07.2023;EmbouchureAubonne;46.461995;6.392917;F;L;AD;38.5;07.avr;8;7;NA;NoInfect;1;423;37.3045;0,00E+00;15.8395;0.000023207586831712
424;NO;NO;05.07.2023;EmbouchureAubonne;46.461995;6.392917;M;NR;AD;37;07.mai;0;5;NA;NA;NA;NA;NA;NA;NA;NA
425;NO;NO;05.07.2023;EmbouchureAubonne;46.461995;6.392917;F;L;AD;38.1;07.sept;10;1;NA;NoInfect;1;425;35.5345;0,00E+00;21.0725;6.93392310211808E-07
426;NO;NO;05.07.2023;EmbouchureAubonne;46.461995;6.392917;M;NR;AD;36.6;06.mai;0;6;NA;NoInfect;1;426;35.702;0,00E+00;19.457;2.53536449397011E-06
427;NO;NO;05.07.2023;EmbouchureAubonne;46.461995;6.392917;F;L;AD;38;07.juil;11;6;NA;Infecte;2;427;28.639;2.93844656582549E-08;18.2545;2.78047686907488E-06
428;NO;NO;05.07.2023;EmbouchureAubonne;46.461995;6.392917;M;NR;AD;36.4;07.janv;3;4;NA;NoInfect;3;428;0;0,00E+00;20.493;1.10364661408505E-06
429;NO;NO;05.07.2023;EmbouchureAubonne;46.461995;6.392917;M;NR;AD;35.6;06.juil;0;5;NA;NoInfect;2;429;0;0,00E+00;23.6915;8.48770765280417E-08
430;NO;NO;05.07.2023;EmbouchureAubonne;46.461995;6.392917;F;O;JUV;35.3;05.mai;7;5;NA;NoInfect;3;430;38.481;0,00E+00;18.3175;4.29097760884686E-06
431;NO;NO;05.07.2023;EmbouchureAubonne;46.461995;6.392917;F;L;AD;38.3;07.mai;7;2;NA;Infecte;2;431;29.079;2.26694895578619E-08;19.5335;1.22363893888823E-06
432;NO;NO;05.07.2023;EmbouchureAubonne;46.461995;6.392917;F;L;AD;38.6;07.avr;14;2;NA;Infecte;1;432;24.87;3.98731738692715E-07;21.505;5.24807460249771E-07
433;NO;NO;05.07.2023;EmbouchureAubonne;46.461995;6.392917;F;L;AD;38.5;7;9;9;NA;Infecte;3;433;29.82;6.1702103791364E-09;20.105;1.40607209773416E-06
434;NO;NO;05.07.2023;EmbouchureAubonne;46.461995;6.392917;F;L;AD;37.3;07.janv;3;2;NA;Infecte;2;434;30.5125;9.73527606608306E-09;18.7195;2.06310164005795E-06
435;NO;NO;05.07.2023;EmbouchureAubonne;46.461995;6.392917;F;L;AD;39.3;08.juil;5;7;NA;NA;NA;NA;NA;NA;NA;NA
436;NO;NO;06.07.2023;Boisdelarape;46.821088 ;6.616786;M;NR;AD;40.2;8;6;11;NA;Infecte;Repassage1;436;29.2935;1.09551090451369E-08;16.948;0.0000117753245724258
437;NO;NO;06.07.2023;Boisdelarape;46.821088 ;6.616786;M;NR;AD;37.6;07.avr;0;12;NA;NoInfect;1;437;36.393;0,00E+00;17.9885;5.05401310418802E-06
438;NO;NO;06.07.2023;Boisdelarape;46.821088 ;6.616786;M;NR;AD;37.5;08.févr;1;4;NA;NoInfect;2;438;0;0,00E+00;16.317;9.64081418349463E-06
439;NO;NO;06.07.2023;Boisdelarape;46.821088 ;6.616786;M;NR;AD;39.1;08.janv;3;7;NA;Infecte;2;439;22.2205;1.29353972188067E-06;13.3615;0.0000642438650410797
440;NO;NO;06.07.2023;Boisdelarape;46.821088 ;6.616786;M;NR;AD;37.5;07.mars;5;1;NA;Infecte;1;440;24.387;#DIV/0!;16.924;0.0000119495753494249
441;NO;NO;06.07.2023;Boisdelarape;46.821088 ;6.616786;M;NR;AD;37.4;07.avr;0;16;NA;NoInfect;2;441;19.0315;0,00E+00;21.492;3.48181763068896E-07
442;NO;NO;06.07.2023;Boisdelarape;46.821088 ;6.616786;M;NR;AD;36.4;7;8;5;NA;Infecte;1;442;28.4075;4.72488455719455E-08;15.0925;0.0000366601786791625
443;NO;NO;06.07.2023;Boisdelarape;46.821088 ;6.616786;M;NR;AD;37.1;07.juin;2;8;NA;NoInfect;2;443;0;0,00E+00;15.3035;0.0000184749407653218
444;NO;NO;06.07.2023;Boisdelarape;46.821088 ;6.616786;M;NR;AD;36.6;7;0;2;NA;Infecte;2;444;28.621;2.96980047740645E-08;16.2885;9.81876478152656E-06
445;NO;NO;06.07.2023;Boisdelarape;46.821088 ;6.616786;M;NR;AD;36.2;07.juin;1;5;NA;NoInfect;1;445;0;0,00E+00;20.066;1.32592049159463E-06
446;NO;NO;06.07.2023;Boisdelarape;46.821088 ;6.616786;M;NR;AD;37.8;07.juin;2;7;NA;Infecte;2;446;27.824;4.75143271787954E-08;16.2245;0.0000102304347886722
447;NO;NO;06.07.2023;Boisdelarape;46.821088 ;6.616786;M;NR;AD;38.1;07.mai;2;8;NA;NoInfect;1;447;23.146;0,00E+00;18.113;4.66456542457438E-06
448;NO;NO;06.07.2023;Boisdelarape;46.821088 ;6.616786;M;NR;AD;39.6;8;2;4;NA;Infecte;2;448;26.8765;8.30734463721957E-08;16.7035;0.000007523042824136
449;NO;NO;06.07.2023;Boisdelarape;46.821088 ;6.616786;M;NR;AD;37.9;07.mars;14;3;NA;NoInfect;1;449;39.258;0,00E+00;22.352;4.31025459962475E-07
450;NO;NO;06.07.2023;Boisdelarape;46.821088 ;6.616786;M;NR;AD;37.3;07.avr;2;2;NA;NoInfect;2;450;0;0,00E+00;20.721;5.71069496672821E-07
451;NO;NO;06.07.2023;Boisdelarape;46.821088 ;6.616786;M;NR;AD;37.3;08.févr;4;4;NA;Infecte;Repassage1;451;30.881;3.85058146317714E-09;18.0825;5.88036890008282E-06
452;NO;NO;06.07.2023;Boisdelarape;46.821088 ;6.616786;M;NR;AD;37.5;07.juil;7;1;NA;Infecte;1;452;27.305;9.18500379628102E-08;16.0025;0.0000181618815599178
453;NO;NO;06.07.2023;Boisdelarape;46.821088 ;6.616786;M;NR;AD;38.3;07.mai;2;2;NA;Infecte;3;453;24.2975;2.18031762000886E-07;16.073;0.0000174175360170192
454;NO;NO;06.07.2023;Boisdelarape;46.821088 ;6.616786;M;NR;AD;38.9;8;3;2;NA;NA;NA;NA;NA;NA;NA;NA
455;NO;NO;06.07.2023;Boisdelarape;46.821088 ;6.616786;F;O;AD;38;08.mai;6;11;NA;NA;NA;NA;NA;NA;NA;NA
456;NO;NO;06.07.2023;Boisdelarape;46.821088 ;6.616786;M;NR;AD;37.6;07.avr;1;0;NA;Infecte;3;456;23.978;2.67972873111614E-07;19.308;2.31235920850966E-06
457;NO;NO;06.07.2023;Boisdelarape;46.821088 ;6.616786;M;NR;AD;38.3;8;1;8;NA;NA;NA;NA;NA;NA;NA;NA
458;NO;NO;06.07.2023;Boisdelarape;46.821088 ;6.616786;M;NR;AD;38;07.juin;5;2;NA;NoInfect;2;458;0;0,00E+00;21.382;3.73648951672128E-07
459;NO;NO;06.07.2023;Boisdelarape;46.821088 ;6.616786;M;NR;AD;37.6;08.août;1;3;NA;NoInfect;2;459;0;0,00E+00;15.5615;0.0000156558517466834
460;NO;NO;06.07.2023;Boisdelarape;46.821088 ;6.616786;M;NR;AD;38.2;07.mars;1;3;NA;NA;NA;NA;NA;NA;NA;NA
461;NO;NO;13.07.2023;Dorigny;46.521435;6.583685;F;L;AD;37.7;07.avr;13;5;NA;Infecte;1;461;31.074;9.46611492335149E-09;18.7345;3.94541329759416E-06
462;NO;NO;13.07.2023;Dorigny;46.521435;6.583685;F;L;SAD;39.5;08.mars;12;10;NA;Infecte;1;462;21.42;3.19196892071016E-06;45790,00;0.000127974626372294
463;NO;R;13.07.2023;Dorigny;46.521435;6.583685;F;L;AD;36.1;07.févr;11;6;NA;NoInfect;2;463;19.052;0,00E+00;21.565;3.32246506888557E-07
464;NO;NO;13.07.2023;Dorigny;46.521435;6.583685;F;L;AD;37.6;07.juin;12;5;NA;NoInfect;2;464;0;0,00E+00;16.958;6.38943789665861E-06
465;NO;R;13.07.2023;Dorigny;46.521435;6.583685;M;R;AD;38.7;8;8;3;NA;NA;NA;NA;NA;NA;NA;NA
466;E3375;R;13.07.2023;Dorigny;46.521435;6.583685;M;R;AD;37.4;07.juin;4;6;NA;NoInfect;3+5OnlyBat;466;#DIV/0!;0,00E+00;23.389;1.19959581440868E-07
467;NO;R;13.07.2023;Dorigny;46.521435;6.583685;M;NR;AD;38.1;08.avr;2;8;NA;Infecte;3+5OnlyBat;467;30.241;9.13101487445445E-09;17.569;4.93187030459322E-06
468;NO;R;13.07.2023;Dorigny;46.521435;6.583685;M;NR;SAD;36.9;07.janv;3;2;NA;Infecte;1;468;27.564;7.85706849914488E-08;17.373;9.07822752758281E-06
469;NO;NO;13.07.2023;Dorigny;46.521435;6.583685;F;L;SAD;37.6;08.avr;17;5;NA;Infecte;1;469;29.6945;2.17466311035934E-08;21.932;5.57372666573034E-07
470;NO;R;13.07.2023;Dorigny;46.521435;6.583685;F;L;AD;35.8;07.févr;3;1;NA;NA;NA;NA;NA;NA;NA;NA
471;NO;NO;13.07.2023;Dorigny;46.521435;6.583685;M;NR;SAD;37.8;8;3;6;NA;Infecte;1;471;22.6865;1.48739849253869E-06;17.7315;5.96381929170198E-06
472;NO;R;13.07.2023;Dorigny;46.521435;6.583685;F;O;AD;34.7;07.févr;2;12;NA;Infecte;1;472;24.668;4.50374957442569E-07;14.633;0.0000485665277427145
473;NO;R;13.07.2023;Dorigny;46.521435;6.583685;M;NR;SAD;35.8;06.mai;11;4;NA;Infecte;Repassage1;473;30.126;6.33122013629832E-09;17.088;5.87801607227491E-06
474;NO;NO;13.07.2023;Dorigny;46.521435;6.583685;M;NR;JUV;37.7;06.juin;13;8;NA;Infecte;1;474;27.21;9.72646351468811E-08;16.882;0.0000122607417923268
475;NO;R;13.07.2023;Dorigny;46.521435;6.583685;M;NR;AD;37.7;07.mai;2;10;NA;Infecte;2;475;26.3415;1.13884880163762E-07;13.7475;0.0000501476788706735
476;NO;NO;13.07.2023;Dorigny;46.521435;6.583685;M;NR;AD;37.3;08.janv;3;3;NA;NoInfect;2;476;0;0,00E+00;16.858;6.81292069057961E-06
477;NO;NO;13.07.2023;Dorigny;46.521435;6.583685;M;NR;AD;37.9;07.avr;3;6;NA;NA;NA;NA;NA;NA;NA;NA
478;NO;NO;13.07.2023;Dorigny;46.521435;6.583685;M;R;AD;37.9;07.juin;1;9;NA;NoInfect;1;478;38.4265;0,00E+00;19.0205;0.000002599950232828
479;NO;R;14.07.2023;MaisonRiviere;46.492772;6.479149;F;O;SAD;38.8;08.mai;8;8;NA;Infecte;1;479;25.5745;2.60740462491893E-07;15.1275;0.0000358831875822775
480;NO;NO;14.07.2023;MaisonRiviere;46.492772;6.479149;M;NR;SAD;36.5;07.mai;3;6;NA;Infecte;1;480;28.277;5.11166578749758E-08;15.746;0.0000214244208552339
481;NO;NO;14.07.2023;MaisonRiviere;46.492772;6.479149;F;L;AD;37.7;7;37;1;NA;Infecte;2;481;29.51;1.75820869120563E-08;16.688;7.59824843698314E-06
482;NO;NO;14.07.2023;MaisonRiviere;46.492772;6.479149;F;L;AD;38.4;07.juin;19;5;NA;NoInfect;3;482;0;0,00E+00;13.894;0.0000678674758299227
483;NO;NO;14.07.2023;MaisonRiviere;46.492772;6.479149;F;L;SAD;38.1;07.avr;18;4;NA;Infecte;2;483;26.38;1.11328642688917E-07;14.9635;0.0000229796477277816
484;NO;NO;14.07.2023;MaisonRiviere;46.492772;6.479149;F;L;SAD;36.9;07.févr;27;7;NA;Infecte;1;484;24.172;6.07366962903587E-07;16.391;0.0000141413056917549
485;NO;NO;14.07.2023;MaisonRiviere;46.492772;6.479149;F;O;AD;38.2;07.juin;14;13;NA;Infecte;repassage2;485;32.0675;2.32018378891826E-09;18.8275;1.92495370782088E-06
486;NO;NO;14.07.2023;MaisonRiviere;46.492772;6.479149;F;L;AD;36.8;07.janv;57;8;NA;NoInfect;3;486;18.9715;0,00E+00;21.033;7.87859728653989E-07
487;NO;NO;14.07.2023;MaisonRiviere;46.492772;6.479149;F;L;AD;38.4;07.mai;10;3;NA;Noinfect;Repassage1;487;33.673;0,00E+00;21.121;7.45751608863715E-07
488;NO;NO;14.07.2023;MaisonRiviere;46.492772;6.479149;F;O;JUV;37.4;05.sept;46;22;NA;NoInfect;1;488;34.361;0,00E+00;19.0735;3.20612803177283E-06
489;NO;NO;14.07.2023;MaisonRiviere;46.492772;6.479149;F;O;JUV;36.8;06.mars;32;9;NA;Infecte;1;489;28.016;5.98280639141902E-08;17.002;0.0000113924942950809
490;NO;NO;14.07.2023;MaisonRiviere;46.492772;6.479149;F;L;AD;38.6;06.juin;20;1;NA;NA;NA;NA;NA;NA;NA;NA
491;NO;NO;14.07.2023;MaisonRiviere;46.492772;6.479149;M;NR;AD;37.9;07.janv;1;6;NA;NoInfect;2;491;0;0,00E+00;14.5645;0.0000296857058747137
492;NO;NO;14.07.2023;MaisonRiviere;46.492772;6.479149;F;L;AD;39;07.juil;20;2;NA;Infecte;1;492;27.5825;7.7699162800962E-08;17.9065;0.0000065491991648009
493;NO;NO;14.07.2023;MaisonRiviere;46.492772;6.479149;M;NR;AD;37.6;07.janv;3;3;NA;NoInfect;1;493;38.5295;0,00E+00;16.1755;0.0000188936466750759
494;NO;NO;14.07.2023;MaisonRiviere;46.492772;6.479149;F;L;AD;36.8;07.juil;9;6;NA;Infecte;2;494;30.659;8.92960536960379E-09;13.9765;0.0000432939268298507
495;NO;NO;14.07.2023;MaisonRiviere;46.492772;6.479149;M;NR;AD;38.5;07.juin;5;10;NA;NoInfect;3;495;37.806;0,00E+00;15.228;0.0000295152239583296
496;NO;NO;14.07.2023;MaisonRiviere;46.492772;6.479149;F;O;AD;38.2;07.sept;1;12;NA;NoInfect;1;496;19.328;0,00E+00;12.649;0.000163574690956204
497;NO;NO;14.07.2023;MaisonRiviere;46.492772;6.479149;M;NR;AD;35.8;7;4;11;NA;NoInfect;1;497;34.2745;0,00E+00;17.6435;7.69303698418423E-06
498;NO;NO;14.07.2023;MaisonRiviere;46.492772;6.479149;F;L;SAD;37.8;07.févr;20;8;NA;Infecte;2;498;27.1905;6.90323243929539E-08;18.5475;2.30387119032026E-06
499;NO;NO;14.07.2023;MaisonRiviere;46.492772;6.479149;M;NR;JUV;36.4;6;54;5;NA;Infecte;2;499;31.5315;5.33827285677735E-09;14.802;0.0000254891008161255
500;NO;NO;14.07.2023;MaisonRiviere;46.492772;6.479149;M;NR;AD;37.4;06.janv;5;1;NA;noInfect;repassage2;500;#DIV/0!;0,00E+00;17.9755;5.09650819962831E-06
501;NO;NO;14.07.2023;MaisonRiviere;46.492772;6.479149;M;NR;JUV;37.3;05.mai;31;14;NA;NoInfect;1;501;0;0,00E+00;17.872;6.68896389354731E-06
502;NO;NO;14.07.2023;MaisonRiviere;46.492772;6.479149;M;NR;JUV;35.5;5;28;10;NA;NoInfect;1;502;0;0,00E+00;15.443;0.0000295818990020632
503;NO;NO;14.07.2023;MaisonRiviere;46.492772;6.479149;M;NR;AD;37;06.sept;5;12;NA;NoInfect;2;503;0;0,00E+00;14.969;0.0000228986816516848
504;NO;NO;14.07.2023;MaisonRiviere;46.492772;6.479149;F;O;JUV;37.6;06.févr;25;14;NA;Infecte;2;504;28.3525;3.47924711095833E-08;15.651;0.0000147819742521624
505;NO;NO;14.07.2023;MaisonRiviere;46.492772;6.479149;F;O;AD;40;10;1;4;NA;NoInfect;1;505;34.524;0,00E+00;16.2555;0.0000179908012190692
506;NO;NO;14.07.2023;MaisonRiviere;46.492772;6.479149;F;L;AD;37.9;09.mars;33;6;NA;NoInfect;1;506;19.689;0,00E+00;15.633;0.0000230418572914893
507;NO;NO;14.07.2023;MaisonRiviere;46.492772;6.479149;M;NR;AD;36;08.févr;3;3;NA;NA;NA;NA;NA;NA;NA;NA
508;NO;NO;14.07.2023;MaisonRiviere;46.492772;6.479149;F;O;AD;37;08.févr;20;16;NA;NoInfect;2;508;0;0,00E+00;16.2455;0.0000100934874787993
509;NO;NO;17.07.2023;BoironNyon;46.375392;6.231403;F;O;JUV;38.6;06.juil;11;4;NA;Infecte;2;509;22.899;8.6701811007463E-07;15.5935;0.0000153376238449575
510;NO;NO;17.07.2023;BoironNyon;46.375392;6.231403;F;L;AD;38.5;07.mai;3;2;NA;NA;NA;NA;NA;NA;NA;NA
511;NO;NO;17.07.2023;BoironNyon;46.375392;6.231403;F;L;AD;39.3;07.juil;3;1;NA;Noinfect;Repassage1;511;32.952;0,00E+00;19.53;1.22639045725169E-06
512;NO;NO;17.07.2023;BoironNyon;46.375392;6.231403;M;NR;JUV;38.6;7;13;8;NA;Infecte;3;512;24.205;2.31447194262943E-07;14.691;0.0000412680537508729
513;NO;NO;17.07.2023;BoironNyon;46.375392;6.231403;M;NR;AD;36.5;06.sept;5;10;NA;Infecte;1;513;21.038;4.01869307921513E-06;13.8345;0.0000791755656762104
514;NO;NO;17.07.2023;BoironNyon;46.375392;6.231403;M;NR;JUV;38.1;06.juil;7;5;NA;Infecte;2;514;23.72;5.34299651811542E-07;17.3145;5.08280769721358E-06
515;NO;NO;17.07.2023;BoironNyon;46.375392;6.231403;M;NR;JUV;37.4;06.févr;16;3;NA;Infecte;2;515;25.1635;2.28102792355776E-07;17.5135;4.47343391135165E-06
516;NO;NO;17.07.2023;BoironNyon;46.375392;6.231403;M;NR;AD;38.4;06.sept;5;7;NA;NoInfect;3;516;0;0,00E+00;15.79;0.0000207826667644811
517;NO;NO;17.07.2023;BoironNyon;46.375392;6.231403;M;NR;AD;36.6;08.janv;0;7;NA;NoInfect;1;517;34.3145;0,00E+00;23.075;2.76896786749724E-07
518;NO;NO;17.07.2023;BoironNyon;46.375392;6.231403;M;NR;SAD;37.6;06.sept;2;3;NA;Infecte;2;518;26.792;8.73174717520262E-08;14.482;0.0000312997372050698
519;NO;NO;17.07.2023;BoironNyon;46.375392;6.231403;M;NR;SAD;38.6;07.févr;2;6;NA;NoInfect;3+5OnlyBat;519;34.715;0,00E+00;20.7625;3.73026565640032E-07
520;NO;NO;17.07.2023;BoironNyon;46.375392;6.231403;M;NR;AD;34.1;06.mai;2;6;NA;NoInfect;2;520;0;0,00E+00;19.4675;1.27657971032877E-06
521;NO;NO;17.07.2023;BoironNyon;46.375392;6.231403;M;NR;SAD;36.6;06.sept;4;6;NA;Infecte;2;521;30.234;1.14727384661151E-08;20.9915;4.80063595697382E-07
522;NO;NO;17.07.2023;BoironNyon;46.375392;6.231403;M;NR;SAD;36.7;08.avr;4;11;NA;NoInfect;1;522;19.319;0,00E+00;14.258;0.0000610967453060449
523;NO;NO;17.07.2023;BoironNyon;46.375392;6.231403;F;O;JUV;39.6;08.mai;13;6;NA;Infecte;1;523;23.4125;9.60119335817725E-07;17.9775;5.08994731085475E-06
524;NO;NO;17.07.2023;BoironNyon;46.375392;6.231403;M;NR;JUV;38.8;07.févr;17;8;NA;Infecte;1;524;20.8805;4.41902035038344E-06;13,00;0.000131951603752848
525;NO;NO;18.07.2023;Moudon;46.651542;6.792424;F;L;AD;38.5;07.mars;14;3;NA;NoInfect;2;525;0;0,00E+00;17.298;0.0000051369145455506
526;NO;NO;18.07.2023;Moudon;46.651542;6.792424;F;L;AD;38.9;07.août;12;2;NA;noInfect;repassage2;526;31.119;0,00E+00;23.344;1.06081835513945E-07
527;NO;NO;18.07.2023;Moudon;46.651542;6.792424;F;L;AD;38.2;07.mai;13;4;NA;NoInfect;1;527;36.5775;0,00E+00;17.269;9.67488770692452E-06
528;NO;NO;18.07.2023;Moudon;46.651542;6.792424;M;NR;JUV;36.6;05.juil;22;4;NA;Infecte;1;528;26.636;1.37485243753211E-07;18.26;5.27499706370262E-06
529;NO;NO;18.07.2023;Moudon;46.651542;6.792424;F;L;AD;39.1;07.mars;13;2;NA;Infecte;1;529;28.016;5.98280639141902E-08;15.253;0.0000294314181344357
530;NO;NO;18.07.2023;Moudon;46.651542;6.792424;F;O;JUV;38.4;06.avr;43;3;NA;Infecte;1;530;26.4205;1.56561319309794E-07;14.235;0.0000619629155891781
531;NO;NO;18.07.2023;Moudon;46.651542;6.792424;F;O;JUV;38.8;07.janv;10;3;NA;Infecte;3+5OnlyBat;531;22.5605;1.20512633977002E-06;15.3235;0.0000141731617701404
532;NO;NO;18.07.2023;Moudon;46.651542;6.792424;M;NR;JUV;38.9;06.avr;11;3;NA;NoInfect;2;532;0;0,00E+00;15.7265;0.0000140828345812695
533;NO;NO;18.07.2023;Moudon;46.651542;6.792424;M;NR;AD;36.7;07.janv;3;7;NA;Noinfect;Repassage1;533;36.017;0,00E+00;14.6875;0.0000274325666922519
534;NO;NO;18.07.2023;Moudon;46.651542;6.792424;M;NR;JUV;38.7;06.févr;30;5;NA;Infecte;2;534;21.777;1.68016569297483E-06;13.3585;0.000064367668932988
535;NO;NO;18.07.2023;Moudon;46.651542;6.792424;M;NR;JUV;37.2;6;19;2;NA;NoInfect;3;535;37.641;0,00E+00;15.0615;0.0000327476594677939
536;NO;NO;18.07.2023;Moudon;46.651542;6.792424;M;NR;JUV;37.8;05.août;22;4;NA;NoInfect;2;536;0;0,00E+00;14.986;0.0000226502220406269
537;NO;NO;18.07.2023;Moudon;46.651542;6.792424;M;NR;JUV;36.7;05.sept;11;2;NA;Infecte;3;537;23.1475;4.58057016705807E-07;18.1865;4.65658169797054E-06
538;NO;NO;18.07.2023;Moudon;46.651542;6.792424;F;L;AD;39.1;08.janv;8;3;NA;NoInfect;2;538;18.9445;0,00E+00;23.8985;7.43187000893103E-08
539;NO;NO;18.07.2023;Moudon;46.651542;6.792424;F;O;JUV;36.8;05.févr;27;7;NA;Infecte;1;539;23.9205;7.06815559145871E-07;19.0555;2.54199577961433E-06
540;NO;NO;18.07.2023;Moudon;46.651542;6.792424;M;NR;JUV;36;05.sept;22;1;NA;Infecte;2;540;26.966;7.88030258562237E-08;14.6625;0.0000278762347878337
541;NO;NO;18.07.2023;Moudon;46.651542;6.792424;M;NR;JUV;37.9;06.févr;16;5;NA;Infecte;1;541;24.751;4.28391451566957E-07;18.747;3.91534290325929E-06
542;NO;NO;18.07.2023;Moudon;46.651542;6.792424;F;L;AD;37.3;07.juin;10;2;NA;Infecte;2;542;27.23;6.74430589472644E-08;17.852;3.59996910524785E-06
543;NO;NO;18.07.2023;Moudon;46.651542;6.792424;M;NR;JUV;38.6;06.juil;12;3;NA;Infecte;1;543;32.438;4.15920390423954E-09;22.3355;4.35400465365665E-07
544;NO;NO;18.07.2023;Moudon;46.651542;6.792424;F;L;AD;38.9;07.mai;10;2;NA;Noinfect;Repassage1;544;34.2105;0,00E+00;22.56;1.75447489083345E-07
545;NO;NO;18.07.2023;Moudon;46.651542;6.792424;F;L;AD;36.4;06.mars;7;2;NA;NoInfect;2;545;38.627;0,00E+00;22.1815;2.23685421963634E-07
546;NO;NO;18.07.2023;Moudon;46.651542;6.792424;M;NR;JUV;38.4;6;14;1;NA;Infecte;1;546;28.4685;4.55426643397749E-08;18.1505;5.64064905846913E-06
547;NO;NO;18.07.2023;Moudon;46.651542;6.792424;F;L;AD;37.1;07.mars;5;1;NA;Infecte;1;547;25.817;2.25273513980754E-07;17.384;9.01731179410384E-06
548;NO;NO;18.07.2023;Moudon;46.651542;6.792424;F;O;SAD;38.6;07.sept;4;6;NA;Infecte;repassage2;548;30.174;8.52601846073488E-09;19.264;2.85327021401298E-06
549;NO;NO;18.07.2023;Moudon;46.651542;6.792424;F;L;AD;09.juin;7;5;2;NA;Infecte;repassage2;549;29.324;1.52924691107768E-08;25.4205;1.65519757071018E-08
550;NO;NO;18.07.2023;Moudon;46.651542;6.792424;M;NR;JUV;37.8;6;14;4;NA;NoInfect;2;550;0;0,00E+00;13.9295;0.0000446196540189746
551;NO;NO;18.07.2023;Moudon;46.651542;6.792424;F;L;AD;38.5;08.janv;6;2;NA;NA;NA;NA;NA;NA;NA;NA
552;NO;NO;18.07.2023;Moudon;46.651542;6.792424;F;L;AD;38.8;08.févr;10;5;NA;NoInfect;1;552;33.0805;0,00E+00;20.1885;1.22532628049402E-06
553;NO;NO;18.07.2023;Moudon;46.651542;6.792424;F;L;AD;38.2;06.sept;14;2;NA;Infecte;2;553;29.4685;1.80176365988815E-08;21.5405;3.37511628344605E-07
554;NO;NO;18.07.2023;Moudon;46.651542;6.792424;F;L;AD;39.4;07.mars;14;1;NA;NA;NA;NA;NA;NA;NA;NA
555;NO;NO;18.07.2023;Moudon;46.651542;6.792424;F;L;AD;37.6;07.avr;8;5;NA;NoInfect;1;555;37.872;0,00E+00;20.219;1.59033482763783E-06
556;NO;NO;18.07.2023;Moudon;46.651542;6.792424;F;L;AD;38.1;07.mars;14;1;NA;NA;NA;NA;NA;NA;NA;NA
557;NO;NO;18.07.2023;Moudon;46.651542;6.792424;F;L;AD;35.5;06.avr;16;8;NA;Infecte;1;557;32.594;3.78583622482743E-09;16.5575;0.0000127032862361157
558;NO;NO;18.07.2023;Moudon;46.651542;6.792424;M;NR;JUV;38.4;06.févr;33;3;NA;Infecte;1;558;23.751;7.8286963319153E-07;14.7355;0.0000456132386289021
559;NO;NO;18.07.2023;Moudon;46.651542;6.792424;F;L;AD;38.5;07.mars;12;2;NA;NoInfect;1;559;32.679;0,00E+00;19.665;2.23229026106045E-06
560;NO;NO;18.07.2023;Moudon;46.651542;6.792424;F;L;SAD;37.8;06.août;29;0;NA;NA;NA;NA;NA;NA;NA;NA
561;NO;NO;19.07.2023;LeBrassus;46.589869;6.214032;M;NR;AD;38.2;08.sept;1;5;NA;noInfect;repassage2;561;31.9735;0,00E+00;24.293;8.71244120128629E-08
562;NO;NO;19.07.2023;LeBrassus;46.589869;6.214032;M;NR;SAD;37.6;8;4;5;NA;Infecte;1;562;26.4885;1.50272241350161E-07;17.562;8.08652305011181E-06
563;NO;NO;19.07.2023;LeBrassus;46.589869;6.214032;M;R;AD;37.6;07.avr;1;2;NA;NA;NA;NA;NA;NA;NA;NA
564;NO;NO;19.07.2023;LeBrassus;46.589869;6.214032;M;R;AD;38.1;09.févr;0;0;NA;Infecte;3;564;27.4305;2.88529774541584E-08;15.539;0.0000243075615060328
565;NO;NO;19.07.2023;LeBrassus;46.589869;6.214032;M;R;AD;37.5;07.mars;0;1;NA;NoInfect;2;565;39.087;0,00E+00;19.9065;9.63153821612097E-07
566;NO;NO;19.07.2023;LeBrassus;46.589869;6.214032;M;NR;AD;37.8;08.mars;1;5;NA;NoInfect;3;566;35.7865;0,00E+00;16.8425;0.0000107744126003441
567;NO;NO;20.07.2023;AigleGrandeEau;46.324166;6.934912;F;L;SAD;38.5;07.avr;14;1;NA;Infecte;2;567;26.5375;1.01455129064179E-07;15.283;0.0000187195991176441
568;NO;NO;20.07.2023;AigleGrandeEau;46.324166;6.934912;F;O;JUV;38.4;07.avr;8;0;NA;NoInfect;3;568;35.7995;0,00E+00;14.8785;0.0000367102384286755
569;NO;NO;20.07.2023;AigleGrandeEau;46.324166;6.934912;M;NR;SAD;37.6;07.sept;2;1;NA;NoInfect;1;569;33.3425;0,00E+00;15.2045;0.0000303653032302036
570;NO;NO;20.07.2023;AigleGrandeEau;46.324166;6.934912;F;O;SAD;38.4;09.janv;3;0;NA;Infecte;1;570;28.526;4.39908280298512E-08;14.9185;0.0000407799389213618
571;NO;NO;20.07.2023;AigleGrandeEau;46.324166;6.934912;M;NR;SAD;36.7;07.avr;4;0;NA;Infecte;3;571;28.343;1.60093398139174E-08;17.6455;6.52708752129326E-06
572;NO;NO;20.07.2023;AigleGrandeEau;46.324166;6.934912;F;O;SAD;37.2;8;0;0;NA;NoInfect;2;572;19.5585;0,00E+00;16.4615;0.0000087869990553073
573;NO;NO;20.07.2023;AigleGrandeEau;46.324166;6.934912;M;NR;JUV;38.3;06.juin;4;1;NA;NoInfect;2;573;0;0,00E+00;20.0665;8.69165669451743E-07
574;NO;NO;20.07.2023;AigleGrandeEau;46.324166;6.934912;M;R;AD;38.2;07.janv;1;1;NA;Infecte;1;574;32.3355;4.42435227379502E-09;22.573;2.63790251087281E-07
575;NO;NO;20.07.2023;AigleGrandeEau;46.324166;6.934912;M;R;AD;40.1;07.avr;4;1;NA;NoInfect;2;575;36.576;0,00E+00;45917,00;3.49076688394815E-06
576;NO;NO;20.07.2023;AigleGrandeEau;46.324166;6.934912;F;L;SAD;37.9;07.août;5;1;NA;NoInfect;1;576;33.288;0,00E+00;17.8655;6.71562838433672E-06
577;NO;NO;20.07.2023;AigleGrandeEau;46.324166;6.934912;F;L;AD;39.4;08.janv;14;0;NA;Infecte;2;577;26.239;1.20980247495281E-07;14.461;0.0000317244085408164
578;NO;NO;20.07.2023;AigleGrandeEau;46.324166;6.934912;F;L;AD;38.1;08.janv;4;1;NA;Infecte;2;578;25.1185;2.34236348574893E-07;19.5655;1.19876670208547E-06
579;NO;NO;20.07.2023;AigleGrandeEau;46.324166;6.934912;F;L;AD;36;07.avr;20;0;NA;Infecte;2;579;28.484;3.21966361237214E-08;16.442;8.89765090305469E-06
580;NO;NO;20.07.2023;AigleGrandeEau;46.324166;6.934912;M;R;SAD;37;07.sept;0;1;NA;noInfect;repassage2;580;30.583;0,00E+00;24.192;9.29804424365875E-08
581;NO;NO;20.07.2023;AigleGrandeEau;46.324166;6.934912;M;NR;SAD;38.3;07.mai;2;0;NA;Infecte;2;581;24.0285;4.4543425340958E-07;16.9485;6.42851065243276E-06
582;NO;NO;20.07.2023;AigleGrandeEau;46.324166;6.934912;F;L;SAD;38.6;07.juil;7;0;NA;Infecte;2;582;31.053;7.07841431934291E-09;17.6255;4.16318647505399E-06
583;NO;NO;20.07.2023;AigleGrandeEau;46.324166;6.934912;M;NR;JUV;37;6;8;0;NA;NoInfect;1;583;38.6685;0,00E+00;16.397;0.0000140867623788712
584;NO;NO;20.07.2023;AigleGrandeEau;46.324166;6.934912;M;R;AD;36.7;08.févr;5;2;NA;NA;NA;NA;NA;NA;NA;NA
585;NO;NO;20.07.2023;AigleGrandeEau;46.324166;6.934912;F;L;AD;35;07.mai;9;0;NA;Infecte;2;585;25.038;2.45622917754279E-07;14.5935;0.0000291383451255215
586;NO;NO;03.08.2023;Dorigny;46.521435;6.583685;M;NR;AD;38.6;07.mars;7;4;NA;NoInfect;3+5OnlyBat;586;#DIV/0!;0,00E+00;22.029;2.85880239686438E-07
587;NO;NO;03.08.2023;Dorigny;46.521435;6.583685;F;L;AD;37;07.janv;10;8;NA;NoInfect;3+5OnlyBat;587;#DIV/0!;0,00E+00;18.896;2.11355651856715E-06
588;NO;NO;03.08.2023;Dorigny;46.521435;6.583685;F;O;JUV;37.5;06.juin;15;7;NA;Infecte;3+5OnlyBat;588;25.968;1.38119183813728E-07;16.1745;0.0000120151232669315
589;NO;NO;03.08.2023;Dorigny;46.521435;6.583685;F;O;AD;38.8;07.août;5;5;NA;NoInfect;3+5OnlyBat;589;#DIV/0!;0,00E+00;17.9315;3.91277385282358E-06
590;NO;NO;03.08.2023;Dorigny;46.521435;6.583685;F;O;JUV;37.1;06.mars;9;7;NA;Infecte;4;590;23.14;5.24423214873447E-07;19.9215;1.48161367749926E-06
591;NO;NO;03.08.2023;Dorigny;46.521435;6.583685;M;NR;SAD;37.5;06.avr;4;6;NA;Infecte;4;591;24.512;2.13805996131763E-07;20.0295;1.38600571636406E-06
592;D2870;R;03.08.2023;Dorigny;46.521435;6.583685;M;NR;AD;36.8;06.juil;14;3;NA;plusADN;Repassage1;592;32.879;NA;19.923;1.09701043789856E-06
593;NO;NO;03.08.2023;Dorigny;46.521435;6.583685;M;NR;AD;37.2;06.févr;6;5;NA;plusADN;Repassage1;593;#DIV/0!;NA;17.907;3.97446776956356E-06
594;NO;NO;03.08.2023;Dorigny;46.521435;6.583685;M;NR;JUV;38;06.janv;13;16;NA;Infecte;4;594;26.735;4.9964914886911E-08;22.96;2.26822793742492E-07
595;NO;NO;03.08.2023;Dorigny;46.521435;6.583685;F;L;SAD;37.2;07.janv;17;15;NA;Infecte;4;595;28.744;1.34303895987679E-08;21.117;7.08033241792764E-07
596;NO;NO;03.08.2023;Dorigny;46.521435;6.583685;F;O;AD;38.2;06.juin;2;5;NA;Infecte;3+5OnlyBat;596;28.5835;2.6190220186415E-08;21.705;3.51588277939529E-07
597;NO;R;03.08.2023;Dorigny;46.521435;6.583685;F;L;SAD;36.9;06.sept;7;6;NA;Infecte;Repassage1;597;33.0135;9.45243018246781E-10;23.398;1.73060289106837E-07
598;NO;NO;03.08.2023;Dorigny;46.521435;6.583685;F;O;JUV;37;06.avr;8;10;NA;Infecte;3+5OnlyBat;598;26.63;9.0673849562497E-08;20.3055;8.59285628946897E-07
599;NO;NO;03.08.2023;Dorigny;46.521435;6.583685;F;O;JUV;38.6;06.juil;19;5;NA;Infecte;4;599;28.933;1.18689056851262E-08;20.3275;1.15300024384266E-06
600;NO;NO;03.08.2023;Dorigny;46.521435;6.583685;F;L;SAD;38.6;08.févr;14;8;NA;NoInfect;3+5OnlyBat;600;#DIV/0!;0,00E+00;20.321;8.5082287352239E-07
601;NO;NO;03.08.2023;Dorigny;46.521435;6.583685;M;NR;JUV;39.7;7;8;13;NA;Infecte;3+5OnlyBat;601;23.929;5.04896837542426E-07;20.969;5.62520893337466E-07
602;NO;NO;03.08.2023;Dorigny;46.521435;6.583685;M;NR;SAD;39.3;06.sept;3;8;NA;NoInfect;4;602;#DIV/0!;0,00E+00;25.1095;6.01317824068949E-08
603;A2357;R;03.08.2023;Dorigny;46.521435;6.583685;M;NR;AD;37.8;07.avr;0;0;NA;NoInfect;4;603;#DIV/0!;0,00E+00;21.7705;4.7288831597464E-07
604;NO;NO;03.08.2023;Dorigny;46.521435;6.583685;M;NR;JUV;38.9;06.juin;4;13;NA;Infecte;4;604;19.8475;4.51632900959977E-06;17.4305;6.90115328456459E-06
605;NO;R;07.08.2023;MaisonRiviere;46.492772;6.479149;F;L;SAD;37.1;07.juin;12;10;NA;Infecte;4;605;29.6925;7.22278875745156E-09;20.673;9.31434586878781E-07
606;NO;NO;07.08.2023;MaisonRiviere;46.492772;6.479149;M;NR;SAD;38;06.sept;13;12;NA;Infecte;4;606;20.231;3.51453320813524E-06;14.5665;0.0000404726850254077
607;NO;NO;07.08.2023;MaisonRiviere;46.492772;6.479149;M;NR;JUV;37;07.janv;7;13;NA;Infecte;4;607;24.7415;1.84009198742658E-07;17.96;4.97609212429818E-06
608;NO;NO;07.08.2023;MaisonRiviere;46.492772;6.479149;M;NR;AD;35.8;06.avr;3;6;NA;NoValeur;repassage2;608;34.5075;NA;19.028;2.57281006062801E-06
609;NO;NO;07.08.2023;MaisonRiviere;46.492772;6.479149;M;NR;JUV;37.1;06.juil;7;8;NA;Infecte;4;609;17.8445;0.0000167362460354131;15.0155;0.0000306705880622892
610;NO;NO;07.08.2023;MaisonRiviere;46.492772;6.479149;M;R;AD;38.4;07.févr;6;11;NA;Infecte;Repassage1;610;30.523;4.87448863080788E-09;17.5295;6.49181118485624E-06
611;NO;NO;07.08.2023;MaisonRiviere;46.492772;6.479149;F;PL;AD;36.6;07.avr;6;7;NA;NA;NA;NA;NA;NA;NA;NA
612;NO;NO;07.08.2023;MaisonRiviere;46.492772;6.479149;M;R;AD;36.7;06.juil;0;2;NA;NoInfect;4;612;#DIV/0!;0,00E+00;21.3225;6.23634679184757E-07
613;NO;NO;08.08.2023;Cully;46.486734;6.730492;M;NR;AD;38;06.sept;4;3;NA;NoInfect;3;613;18.7235;0,00E+00;15.7985;0.0000206726963988837
614;NO;NO;08.08.2023;Cully;46.486734;6.730492;F;O;JUV;39;06.mai;7;7;NA;Infecte;2;614;20.607;3.34940751001513E-06;17.921;3.44403855382093E-06
615;NO;NO;08.08.2023;Cully;46.486734;6.730492;F;O;JUV;38.2;6;1;3;NA;Infecte;2;615;21.939;1.52709775041306E-06;17.213;5.42490852102377E-06
616;NO;NO;08.08.2023;Cully;46.486734;6.730492;M;NR;SAD;40;06.mai;4;5;NA;Infecte;2;616;24.4975;3.37816748867095E-07;17.1795;5.54279857945037E-06
617;NO;NO;08.08.2023;Cully;46.486734;6.730492;F;O;AD;38.3;8;3;6;NA;NoInfect;2;617;0;0,00E+00;17.977;3.32246506888557E-06
618;NO;NO;08.08.2023;Cully;46.486734;6.730492;F;O;JUV;36;04.août;0;0;NA;NoInfect;1;618;16.7675;0,00E+00;21.491;7.30080161639209E-07
619;NO;NO;08.08.2023;Cully;46.486734;6.730492;M;NR;SAD;37.2;06.juil;1;5;NA;Infecte;2;619;26.344;1.13717123158294E-07;17.2275;5.37466215955432E-06
620;NO;NO;08.08.2023;Cully;46.486734;6.730492;F;PL;AD;38.5;07.mars;1;9;NA;Infecte;1;620;30.4775;1.35632726893029E-08;20.594;9.43680921210428E-07
621;NO;NO;08.08.2023;Cully;46.486734;6.730492;F;L;AD;37.7;06.juin;2;5;NA;NA;NA;NA;NA;NA;NA;NA
622;NO;NO;08.08.2023;Cully;46.486734;6.730492;F;L;SAD;38.3;07.févr;7;4;NA;NoInfect;1;622;32.9515;0,00E+00;18.6305;3.34238092450292E-06
623;NO;NO;08.08.2023;Cully;46.486734;6.730492;F;PL;AD;37.4;06.sept;2;4;NA;Infecte;2;623;27.039;7.54829581466405E-08;18.508;2.36301845034264E-06
624;NO;NO;08.08.2023;Cully;46.486734;6.730492;F;PL;SAD;38.2;07.avr;2;8;NA;Infecte;repassage2;624;28.4995;2.69523734102752E-08;16.3295;0.0000171941264750403
625;NO;NO;08.08.2023;Cully;46.486734;6.730492;F;L;AD;38.5;7;3;8;NA;Infecte;Repassage1;625;32.0235;1.81436331535241E-09;25.8315;2.14960102015337E-08
626;NO;NO;08.08.2023;Cully;46.486734;6.730492;F;L;AD;38.3;07.juin;5;10;NA;NoInfect;2;626;0;0,00E+00;15.2485;0.0000191386776902263
627;NO;NO;08.08.2023;Cully;46.486734;6.730492;F;O;SAD;35.8;06.mars;1;5;NA;Infecte;2;627;26.074;1.33342314684276E-07;16.4155;9.05026076137636E-06
628;NO;NO;08.08.2023;Cully;46.486734;6.730492;F;PL;SAD;37.7;7;2;9;NA;Infecte;3+5OnlyBat;628;25.518;1.83863174541545E-07;17.625;3.04094806983616E-06
629;NO;NO;08.08.2023;Cully;46.486734;6.730492;F;O;JUV;39.1;06.mars;5;5;NA;Infecte;3;629;19.7275;4.16589614112467E-06;16.3655;0.0000145109864588338
630;NO;NO;08.08.2023;Cully;46.486734;6.730492;F;PL;SAD;36.3;06.févr;2;4;NA;NA;NA;NA;NA;NA;NA;NA
631;NO;NO;08.08.2023;Cully;46.486734;6.730492;F;PL;AD;38.2;7;16;4;NA;NoInfect;2;631;37.907;0,00E+00;20.282;7.56904781232123E-07
632;NO;NO;08.08.2023;Cully;46.486734;6.730492;F;O;JUV;36.1;06.sept;2;8;NA;NoInfect;2;632;37.693;0,00E+00;21.497;3.47066332100159E-07
633;NO;NO;08.08.2023;Cully;46.486734;6.730492;F;PL;AD;38;07.mai;2;1;NA;NA;NA;NA;NA;NA;NA;NA
634;NO;NO;08.08.2023;Cully;46.486734;6.730492;F;L;SAD;38.8;06.juil;3;4;NA;NA;NA;NA;NA;NA;NA;NA
635;NO;NO;08.08.2023;Cully;46.486734;6.730492;F;O;SAD;36.4;7;7;8;NA;NA;NA;NA;NA;NA;NA;NA
636;NO;NO;08.08.2023;Cully;46.486734;6.730492;M;NR;JUV;37.6;05.août;2;3;NA;Infecte;2;636;31.3585;5.91157147592279E-09;22.868;1.43981091860909E-07
637;NO;NO;08.08.2023;Cully;46.486734;6.730492;F;O;SAD;37.7;06.juil;2;3;NA;Infecte;Repassage1;637;24.375;2.79582701817539E-07;21.036;4.66547988223446E-07
638;NO;NO;08.08.2023;Cully;46.486734;6.730492;F;L;AD;37;06.juil;3;2;NA;NoInfect;1;638;34.5095;0,00E+00;19.8405;2.00493338181817E-06
639;NO;NO;08.08.2023;Cully;46.486734;6.730492;F;O;JUV;39.8;06.janv;0;3;NA;Infecte;1;639;20.8535;0.0000044915466547683;16.343;0.0000170526390769749
640;NO;NO;08.08.2023;Cully;46.486734;6.730492;F;PL;AD;38;07.janv;6;2;NA;NoInfect;1;640;18.667;0,00E+00;16.078;0.0000200554704957368
641;NO;NO;08.08.2023;Cully;46.486734;6.730492;M;NR;JUV;37;06.juin;4;3;NA;NoInfect;3;641;38.217;0,00E+00;18.9105;0.0000029635214708494
642;NO;NO;08.08.2023;Cully;46.486734;6.730492;M;NR;SAD;37.8;06.juil;2;0;NA;Infecte;2;642;32.396;3.20640166771213E-09;23.1915;1.16988672434514E-07
643;NO;NO;08.08.2023;Cully;46.486734;6.730492;F;O;JUV;37.8;06.mars;6;7;NA;Infecte;2;643;22.2225;1.29201514840782E-06;17.969;3.33956636272052E-06
644;NO;NO;08.08.2023;Cully;46.486734;6.730492;F;O;AD;37.2;7;1;2;NA;NoInfect;4;644;37.756;0,00E+00;17.252;7.70553105536585E-06
645;NO;NO;08.08.2023;Cully;46.486734;6.730492;F;O;JUV;38.3;05.mai;3;0;NA;NoInfect;2;645;18.307;0,00E+00;19.1395;1.57566456429891E-06
646;NO;NO;08.08.2023;Cully;46.486734;6.730492;F;L;JUV;37.8;06.avr;5;4;NA;NA;NA;NA;NA;NA;NA;NA
647;NO;NO;08.08.2023;Cully;46.486734;6.730492;M;NR;JUV;36.6;06.janv;1;9;NA;NA;NA;NA;NA;NA;NA;NA
648;NO;NO;08.08.2023;Cully;46.486734;6.730492;F;L;SAD;38.5;07.avr;1;2;NA;Infecte;2;648;28.0505;4.15740202301648E-08;17.509;4.48637122284848E-06
NA;NO;NO;09.08.2023;Rossinière;46.466044;7.050061;M;NA;SAD;NA;NA;NA;NA;NA;NA;NA;NA;NA;NA;NA;NA
NA;NO;NO;09.08.2023;Rossinière;46.466044;7.050061;M;NA;SAD;NA;NA;NA;NA;NA;NA;NA;NA;NA;NA;NA;NA
NA;NO;NO;09.08.2023;Rossinière;46.466044;7.050061;M;NA;SAD;NA;NA;NA;NA;NA;NA;NA;NA;NA;NA;NA;NA
NA;NO;NO;09.08.2023;Rossinière;46.466044;7.050061;M;NA;SAD;NA;NA;NA;NA;NA;NA;NA;NA;NA;NA;NA;NA
NA;NO;NO;09.08.2023;Rossinière;46.466044;7.050061;F;NA;JUV;NA;NA;NA;NA;NA;NA;NA;NA;NA;NA;NA;NA
NA;NO;NO;09.08.2023;Rossinière;46.466044;7.050061;F;NA;JUV;NA;NA;NA;NA;NA;NA;NA;NA;NA;NA;NA;NA
NA;NO;NO;09.08.2023;Rossinière;46.466044;7.050061;M;NA;JUV;NA;NA;NA;NA;NA;NA;NA;NA;NA;NA;NA;NA
NA;NO;NO;09.08.2023;Rossinière;46.466044;7.050061;M;NA;JUV;NA;NA;NA;NA;NA;NA;NA;NA;NA;NA;NA;NA
NA;NO;NO;09.08.2023;Rossinière;46.466044;7.050061;M;NA;AD;NA;NA;NA;NA;NA;NA;NA;NA;NA;NA;NA;NA
NA;NO;NO;09.08.2023;Rossinière;46.466044;7.050061;M;NA;AD;NA;NA;NA;NA;NA;NA;NA;NA;NA;NA;NA;NA
649;NO;NO;09.08.2023;Rossinière;46.466044;7.050061;M;R;AD;36.5;07.janv;4;3;NA;NoInfect;1;649;34.579;0,00E+00;16.357;0.0000144543977074593
650;NO;NO;09.08.2023;Rossinière;46.466044;7.050061;M;NR;JUV;37.7;07.août;1;2;NA;NoInfect;1;650;31.8505;0,00E+00;20.5455;9.7362475685754E-07
651;NO;NO;09.08.2023;Rossinière;46.466044;7.050061;F;O;SAD;38.6;07.juin;5;3;NA;Infecte;1;651;27.6225;7.58476960683294E-08;17.8715;5.44958757834613E-06
652;NO;NO;09.08.2023;Rossinière;46.466044;7.050061;M;R;AD;38.5;08.juin;4;6;NA;NoInfect;2;652;0;0,00E+00;16.9955;6.23750846864447E-06
653;NO;NO;09.08.2023;Rossinière;46.466044;7.050061;M;NR;SAD;39.1;07.sept;2;6;NA;NoInfect;1;653;39.2965;0,00E+00;24.327;1.28681529655195E-07
654;NO;NO;09.08.2023;Rossinière;46.466044;7.050061;M;R;AD;38.7;07.avr;1;3;NA;Noinfect;Repassage1;654;35.2045;0,00E+00;25.172;3.28219964692378E-08
655;NO;NO;09.08.2023;Rossinière;46.466044;7.050061;F;O;AD;39.2;11.janv;2;7;NA;Infecte;Repassage1;655;30.366;5.40552062310159E-09;19.41;2.60935854615223E-06
656;NO;NO;09.08.2023;Rossinière;46.466044;7.050061;M;R;AD;37.7;06.août;0;6;NA;NoInfect;1;656;38.761;0,00E+00;22.7915;3.29364484849345E-07
657;NO;R;09.08.2023;Rossinière;46.466044;7.050061;M;R;SAD;36.3;07.janv;3;3;NA;NoInfect;1;657;37.325;0,00E+00;20.503;1.00064428721019E-06
658;NO;NO;09.08.2023;Rossinière;46.466044;7.050061;M;NR;AD;37.3;07.juil;0;3;NA;Noinfect;Repassage1;658;34.4665;0,00E+00;20.8665;1.06997264373689E-06
659;NO;NO;09.08.2023;Rossinière;46.466044;7.050061;M;NR;AD;36.6;07.avr;1;1;NA;Infecte;2;659;25.2965;2.10897631767757E-07;18.677;2.12014548479105E-06
660;NO;NO;09.08.2023;Rossinière;46.466044;7.050061;M;R;SAD;38.3;07.mai;1;1;NA;NoInfect;1;660;35.3005;0,00E+00;20.5155;9.92620446526299E-07
661;NO;NO;09.08.2023;Rossinière;46.466044;7.050061;M;R;SAD;38;07.août;3;7;NA;Infecte;1;661;26.7795;1.26090046966807E-07;19.6535;0.0000022480581931644
662;NO;NO;09.08.2023;Rossinière;46.466044;7.050061;M;R;SAD;36.3;07.févr;1;5;NA;NA;NA;NA;NA;NA;NA;NA
663;NO;NO;09.08.2023;Rossinière;46.466044;7.050061;F;O;SAD;38;8;6;6;NA;Infecte;2;663;26.005;1.3887934003775E-07;19.8735;9.83768645276953E-07
664;NO;NO;09.08.2023;Rossinière;46.466044;7.050061;F;O;JUV;37.9;07.juil;1;1;NA;Infecte;3;664;26.0355;7.10028173681388E-08;18.705;3.36910255852814E-06
665;NO;NO;09.08.2023;Rossinière;46.466044;7.050061;F;PL;AD;37.1;08.mai;14;3;NA;NA;NA;NA;NA;NA;NA;NA
666;NO;NO;09.08.2023;Rossinière;46.466044;7.050061;M;R;AD;37.5;08.mars;1;3;NA;NoInfect;2;666;0;0,00E+00;25.8445;2.13174214375885E-08
667;NO;NO;09.08.2023;Rossinière;46.466044;7.050061;F;O;AD;38.8;09.févr;1;5;NA;NoInfect;2;667;37.6065;0,00E+00;19.611;1.16426947633425E-06
668;NO;NO;09.08.2023;Rossinière;46.466044;7.050061;F;O;JUV;38.8;07.avr;11;9;NA;Infecte;Repassage1;668;30.095;6.46181754352107E-09;22.9055;2.1293730257309E-07
669;NO;R;09.08.2023;Rossinière;46.466044;7.050061;M;R;AD;36.2;08.avr;1;5;NA;NoInfect;3;669;0;0,00E+00;18.461;3.92334787275132E-06
670;NO;NO;09.08.2023;Rossinière;46.466044;7.050061;M;R;SAD;38.7;08.avr;0;9;NA;NoInfect;2;670;0;0,00E+00;20.444;6.82167063551459E-07
671;NO;NO;09.08.2023;Rossinière;46.466044;7.050061;M;R;AD;37.1;08.mars;2;14;NA;NoInfect;2;671;18.389;0,00E+00;20.056;8.75042174990679E-07
672;NO;NO;09.08.2023;Rossinière;46.466044;7.050061;M;R;SAD;37.9;07.août;2;1;NA;Infecte;2;672;26.5355;1.01574845770788E-07;18.0335;3.20415479805748E-06
673;NO;NO;10.08.2023;VufflenslaVille;46.576518;6.532317;M;NR;AD;38.3;07.juin;7;3;NA;NoInfect;2;673;0;0,00E+00;16.363;9.36037395566461E-06
674;NO;NO;10.08.2023;VufflenslaVille;46.576518;6.532317;F;O;JUV;40.5;07.juil;16;9;NA;Infecte;2;674;21.195;2.36805511105819E-06;16.396;9.16422777895979E-06
675;NO;NO;10.08.2023;VufflenslaVille;46.576518;6.532317;M;NR;AD;37.1;07.févr;2;3;NA;NoInfect;3;675;37.43;0,00E+00;16.003;0.0000181954185166483
676;NO;NO;10.08.2023;VufflenslaVille;46.576518;6.532317;M;NR;JUV;36.7;07.févr;2;8;NA;Infecte;1;676;21.047;0.0000039969452660853;15.4295;0.0000298273428832562
677;NO;NO;10.08.2023;VufflenslaVille;46.576518;6.532317;M;R;SAD;37.6;07.janv;4;5;NA;Infecte;1;677;29.8905;1.93227818912972E-08;17.413;8.85866790410083E-06
678;NO;NO;10.08.2023;VufflenslaVille;46.576518;6.532317;M;NR;JUV;37.6;7;4;8;NA;Infecte;1;678;25.2275;3.21417792175259E-07;19.693;1.68598282760958E-06
679;NO;NO;10.08.2023;VufflenslaVille;46.576518;6.532317;M;R;AD;36.1;06.juin;4;4;NA;NoInfect;2;679;0;0,00E+00;18.3115;2.68060608362558E-06
680;NO;NO;10.08.2023;VufflenslaVille;46.576518;6.532317;M;R;AD;36.5;06.juil;2;5;NA;NoInfect;1;680;34.419;0,00E+00;18.535;4.45782286041971E-06
681;NO;NO;10.08.2023;VufflenslaVille;46.576518;6.532317;F;PL;AD;35.8;06.août;5;7;NA;Infecte;3;681;30.906;3.06085280185118E-09;18.363;4.17082801954935E-06
682;NO;NO;10.08.2023;VufflenslaVille;46.576518;6.532317;F;PL;SAD;38.9;8;7;6;NA;NA;NA;NA;NA;NA;NA;NA
683;NO;NO;10.08.2023;VufflenslaVille;46.576518;6.532317;F;PL;AD;39.2;8;9;4;NA;NoInfect;1;683;18.926;0,00E+00;17.969;5.11788955021073E-06
684;NO;NO;10.08.2023;VufflenslaVille;46.576518;6.532317;M;R;SAD;35.9;06.janv;0;3;NA;NoInfect;1;684;38.1715;0,00E+00;16.7075;0.0000136427414301576
685;NO;NO;10.08.2023;VufflenslaVille;46.576518;6.532317;M;R;AD;37.7;07.mai;0;2;NA;NoInfect;2;685;0;0,00E+00;18.8745;1.86775999970343E-06
686;NO;NO;10.08.2023;VufflenslaVille;46.576518;6.532317;M;R;AD;37.7;07.mai;5;6;NA;NoInfect;2;686;0;0,00E+00;17.636;4.13522783593978E-06
687;NO;NO;10.08.2023;VufflenslaVille;46.576518;6.532317;M;R;AD;36.8;07.janv;4;1;NA;Infecte;2;687;29.7235;1.55023281968607E-08;17.3265;5.04381556255637E-06
688;NO;NO;10.08.2023;VufflenslaVille;46.576518;6.532317;F;PL;AD;37.6;08.mars;2;7;NA;NoInfect;1;688;35.4945;0,00E+00;18.0705;5.92371785064553E-06
689;NO;NO;10.08.2023;VufflenslaVille;46.576518;6.532317;M;R;AD;36.9;06.sept;0;1;NA;Infecte;3;689;28.959;1.0756705592986E-08;17.304;8.07777866346107E-06
690;NO;NO;10.08.2023;VufflenslaVille;46.576518;6.532317;M;R;AD;37.4;06.mai;5;6;NA;NoInfect;1;690;38.3165;0,00E+00;19.273;2.20971195003815E-06
691;NO;NO;10.08.2023;VufflenslaVille;46.576518;6.532317;F;O;JUV;39.3;07.mai;3;3;NA;Infecte;1;691;28.299;5.04431014072884E-08;19.435;2.56973510397433E-06
692;NO;NO;15.08.2023;Yvonand;46.799292;6.739669;M;R;AD;38.6;09.mars;2;3;NA;NoInfect;2;692;0;0,00E+00;18.272;0.0000027494252544681
693;NO;NO;15.08.2023;Yvonand;46.799292;6.739669;M;R;AD;36.8;08.avr;1;2;NA;NoInfect;1;693;17.682;0,00E+00;19.23;2.91326940944627E-06
694;NO;NO;15.08.2023;Yvonand;46.799292;6.739669;F;PL;AD;38.1;08.sept;8;11;NA;NA;NA;NA;NA;NA;NA;NA
695;NO;NO;15.08.2023;Yvonand;46.799292;6.739669;F;PL;AD;38.5;08.sept;9;4;NA;Infecte;1;695;33.2225;2.59173112895451E-09;15.408;0.0000266351131120343
696;NO;NO;15.08.2023;Yvonand;46.799292;6.739669;M;R;AD;36.4;06.août;3;2;NA;NoInfect;1;696;34.753;0,00E+00;16.9305;0.0000119021294034007
697;NO;NO;15.08.2023;Yvonand;46.799292;6.739669;M;R;AD;36.9;09.juin;5;3;NA;Noinfect;Repassage1;697;33.7935;0,00E+00;16.9365;6.47820742462756E-06
698;NO;NO;15.08.2023;Yvonand;46.799292;6.739669;M;R;AD;36.7;09.janv;0;2;NA;NoInfect;2;698;0;0,00E+00;16.293;9.79045049093781E-06
699;NO;NO;15.08.2023;Yvonand;46.799292;6.739669;F;O;JUV;36.4;8;2;7;NA;Infecte;2;699;33.9415;1.28897138995792E-09;16.134;0.0000108421910787367
700;NO;NO;15.08.2023;Yvonand;46.799292;6.739669;F;PL;AD;37.8;07.août;5;7;NA;NoInfect;1;700;35.4525;0,00E+00;15.353;0.0000312571584968823
701;NO;NO;15.08.2023;Yvonand;46.799292;6.739669;F;O;AD;38.4;06.sept;3;5;NA;Infecte;1;701;30.891;1.05703672383195E-08;16,00;0.0000210361620247161
702;NO;NO;15.08.2023;Yvonand;46.799292;6.739669;F;PL;AD;38.7;08.juil;5;7;NA;Infecte;Repassage1;702;31.8825;1.99093033617342E-09;18.271;5.23960135300264E-06
703;NO;NO;15.08.2023;Yvonand;46.799292;6.739669;F;O;JUV;37.4;07.janv;3;9;NA;Infecte;2;703;24.793;2.83797759735622E-07;15.8495;0.0000130139502323811
704;NO;NO;15.08.2023;Yvonand;46.799292;6.739669;F;PL;AD;37.7;08.sept;5;14;NA;NoInfect;4;704;35.202;0,00E+00;18.5725;3.40871900286059E-06
705;NO;NO;15.08.2023;Yvonand;46.799292;6.739669;M;R;AD;37.6;07.mai;2;4;NA;NoInfect;4;705;#DIV/0!;0,00E+00;19.1085;2.44801670849713E-06
706;NO;NO;15.08.2023;Yvonand;46.799292;6.739669;M;R;AD;36.5;08.avr;3;7;NA;NoInfect;4;706;39.819;0,00E+00;15.865;0.0000181489678507818
707;NO;NO;15.08.2023;Yvonand;46.799292;6.739669;M;R;AD;36.5;07.mars;2;3;NA;plusADN;Repassage1;707;32.5985;NA;21.143;6.96753885297808E-07
708;NO;NO;15.08.2023;Yvonand;46.799292;6.739669;F;L;AD;38.8;08.juil;7;3;NA;Infecte;repassage2;708;28.671;2.39553756252318E-08;15.9055;0.0000150995236752546
709;NO;NO;15.08.2023;Yvonand;46.799292;6.739669;M;R;AD;37.9;09.avr;4;8;NA;NoInfect;4;709;#DIV/0!;0,00E+00;25.59;4.46904360633527E-08
710;NO;NO;15.08.2023;Yvonand;46.799292;6.739669;M;R;SAD;36.9;06.mars;7;3;NA;NoInfect;4;710;#DIV/0!;0,00E+00;23.254;1.89157704189248E-07
711;NO;NO;15.08.2023;Yvonand;46.799292;6.739669;M;R;AD;38.1;8;4;2;NA;Infecte;repassage2;711;28.69;2.36445658044113E-08;16.401;0.0000110423342399661
712;NO;NO;15.08.2023;Yvonand;46.799292;6.739669;F;O;SAD;38;08.févr;3;2;NA;Infecte;repassage2;712;33.299;9.95200184272358E-10;17.0365;7.39197152495423E-06
713;NO;NO;15.08.2023;Yvonand;46.799292;6.739669;M;R;SAD;35.9;07.janv;4;5;NA;plusADN;Repassage1;713;33.615;NA;17.5705;6.32947991020993E-06
714;NO;NO;15.08.2023;Yvonand;46.799292;6.739669;M;R;AD;37.3;9;5;3;NA;noInfect;repassage2;714;38.1225;0,00E+00;16.6685;9.32594423080087E-06
715;NO;NO;15.08.2023;Yvonand;46.799292;6.739669;M;R;AD;36.6;08.juil;0;6;NA;Infecte;repassage2;715;31.3465;3.80843255278647E-09;15.7645;0.0000165057690913648
716;NO;NO;16.08.2023;LePont;46.667738;6.324510;M;R;SAD;38.3;08.juil;2;2;NA;Infecte;Repassage1;716;32.1665;1.65127865134048E-09;16.955;9.25699346379651E-06
717;NO;NO;16.08.2023;LePont;46.667738;6.324510;M;NR;JUV;37.1;08.févr;4;4;NA;Infecte;4;717;20.173;0.0000036503982221346;16.9055;9.54438290242012E-06
718;NO;NO;16.08.2023;LePont;46.667738;6.324510;M;R;AD;39;08.août;0;4;NA;NoInfect;4;718;36.941;0,00E+00;18.3085;4.01242245630834E-06
719;NO;NO;16.08.2023;LePont;46.667738;6.324510;F;PL;AD;38;09.août;3;2;NA;Infecte;4;719;25.8475;8.92738421121465E-08;15.321;0.0000253965473284787
720;NO;NO;16.08.2023;LePont;46.667738;6.324510;M;R;AD;37.4;08.févr;1;0;NA;Infecte;repassage2;720;30.146;8.69169499019903E-09;15.7955;0.0000161857674654535
721;NO;NO;16.08.2023;LePont;46.667738;6.324510;F;O;AD;38.9;11.janv;2;5;NA;noInfect;repassage2;721;38.244;0,00E+00;15.3145;0.000021931013107451
722;NO;NO;16.08.2023;LePont;46.667738;6.324510;F;O;AD;37.9;10.août;1;4;NA;NoInfect;4;722;#DIV/0!;0,00E+00;21.0805;7.24176488378595E-07
723;NO;NO;16.08.2023;LePont;46.667738;6.324510;M;R;AD;37.4;07.mars;1;2;NA;Infecte;repassage2;723;26.857;8.3348065123302E-08;16.698;0.0000091538070817622
724;NO;NO;16.08.2023;LePont;46.667738;6.324510;M;NR;JUV;36.5;07.mars;6;9;NA;Infecte;4;724;30.4165;4.49864280135731E-09;24.613;8.17119185718328E-08
725;NO;NO;16.08.2023;LePont;46.667738;6.324510;F;O;SAD;38.8;08.août;1;4;NA;Infecte;repassage2;725;30.189;8.43856610213849E-09;19.8205;1.27404205240606E-06
726;NO;NO;16.08.2023;LePont;46.667738;6.324510;F;PL;AD;37.9;09.mars;3;5;NA;noInfect;repassage2;726;38.236;0,00E+00;15.211;0.0000234124017667828
727;NO;NO;16.08.2023;LePont;46.667738;6.324510;M;R;AD;38.1;11.août;2;3;NA;Infecte;4;727;33.361;6.55863413901648E-10;20.291;1.17928879380219E-06
728;NO;NO;16.08.2023;LePont;46.667738;6.324510;F;O;SAD;36.8;06.sept;3;2;NA;NoInfect;4;728;38.751;0,00E+00;19.229;2.27243472088439E-06
729;NO;NO;16.08.2023;LePont;46.667738;6.324510;M;R;AD;38.8;07.avr;3;1;NA;NoInfect;4;729;35.2805;0,00E+00;16.8275;0.0000100154530830007
730;NO;NO;16.08.2023;LePont;46.667738;6.324510;M;R;AD;37;07.avr;2;5;NA;NA;NA;NA;NA;NA;NA;NA
731;NO;NO;16.08.2023;LePont;46.667738;6.324510;F;O;JUV;37.9;07.mai;5;6;NA;Infecte;repassage2;731;23.425;8.8180617216817E-07;18.261;3.41124397115153E-06
732;NO;NO;16.08.2023;LePont;46.667738;6.324510;M;NR;JUV;37.1;06.juil;9;8;NA;Infecte;4;732;24.6375;1.96959347829921E-07;19.541;1.87413309205778E-06
733;NO;NO;16.08.2023;LePont;46.667738;6.324510;M;R;AD;36.9;07.juil;3;2;NA;NoInfect;4;733;39.794;0,00E+00;17.2855;7.54773291218466E-06
734;NO;NO;16.08.2023;LePont;46.667738;6.324510;F;O;JUV;37.8;07.juil;22;10;NA;Infecte;4;734;24.406;2.29152692506028E-07;19.9015;1.50002944926576E-06
735;NO;NO;16.08.2023;LePont;46.667738;6.324510;F;O;JUV;38.8;07.août;7;10;NA;NA;NA;NA;NA;NA;NA;NA
736;NO;NO;16.08.2023;LePont;46.667738;6.324510;M;R;AD;37.5;07.avr;0;2;NA;noInfect;repassage2;736;38.0355;0,00E+00;17.664;4.97340546510916E-06
737;NO;NO;16.08.2023;LePont;46.667738;6.324510;M;R;SAD;37.8;07.mars;3;2;NA;Infecte;4;737;24.817;0.0000001751446042128;16.911;9.51201512518667E-06
738;NO;NO;16.08.2023;LePont;46.667738;6.324510;M;R;AD;37.1;7;2;3;NA;Infecte;4;738;29.6645;7.35626218670312E-09;20.334;1.14838057280092E-06
739;NO;NO;16.08.2023;LePont;46.667738;6.324510;M;R;SAD;36.7;06.juin;2;2;NA;noInfect;repassage2;739;37.2625;0,00E+00;19.0345;2.09296747516319E-06
740;NO;NO;16.08.2023;LePont;46.667738;6.324510;F;PL;AD;37.7;9;4;8;NA;NoInfect;4;740;#DIV/0!;0,00E+00;17.734;5.72151089955939E-06
741;NO;NO;16.08.2023;LePont;46.667738;6.324510;F;O;JUV;37.6;07.août;4;1;NA;Infecte;4;741;30.438;4.43583405836949E-09;18.745;3.06421858622187E-06
742;NO;R;22.08.2023;Dorigny;46.521435;6.583685;M;R;AD;38.5;07.févr;0;9;NA;NoInfect;4;742;#DIV/0!;0,00E+00;19.1215;2.42843930375837E-06
743;NO;NO;22.08.2023;Dorigny;46.521435;6.583685;M;R;SAD;36.4;06.juin;2;3;NA;Infecte;4;743;32.22;1.3831493318519E-09;14.9595;0.000031749987762153
744;NO;NO;22.08.2023;Dorigny;46.521435;6.583685;F;O;JUV;38.9;07.avr;7;7;NA;Infecte;4;744;22.4155;8.42262211123703E-07;14.488;0.0000424833625853485
745;NO;R;22.08.2023;Dorigny;46.521435;6.583685;F;PL;AD;38.5;09.juin;6;10;NA;NoInfect;4;745;37.1905;0,00E+00;15.0905;0.0000292822252624978
746;NO;NO;22.08.2023;Dorigny;46.521435;6.583685;M;NR;JUV;35.5;06.juin;5;27;NA;Infecte;4;746;23.377;4.4912940048981E-07;14.0165;0.0000568452532983211
747;NO;R;22.08.2023;Dorigny;46.521435;6.583685;F;O;JUV;36.8;07.mars;0;15;NA;Infecte;4;747;31.941;1.65999937255267E-09;24.8255;7.16612426393193E-08
748;NO;NO;22.08.2023;Dorigny;46.521435;6.583685;M;NR;JUV;39;07.janv;9;11;NA;Infecte;4;748;25.1175;1.4389698346899E-07;16.245;0.0000143522701645586
749;A2357;R;22.08.2023;Dorigny;46.521435;6.583685;M;NR;AD;37.6;08.sept;0;0;NA;NoInfect;4;749;#DIV/0!;0,00E+00;19.054;2.53182379027416E-06
750;NO;NO;22.08.2023;Dorigny;46.521435;6.583685;M;R;SAD;35.8;06.janv;7;9;NA;plusADN;repassage2;750;#DIV/0!;NA;15.5105;0.000022591399368156
751;NO;NO;22.08.2023;Dorigny;46.521435;6.583685;M;R;AD;37.5;07.avr;4;6;NA;plusADN;Repassage1;751;31.878;NA;23.908;1.26297527860062E-07
752;NO;NO;22.08.2023;Dorigny;46.521435;6.583685;M;NR;JUV;37.2;06.juil;4;9;NA;Infecte;3+5OnlyBat;752;21.448;2.44446218987811E-06;16.432;0.0000101934094078186
753;NO;NO;22.08.2023;Dorigny;46.521435;6.583685;M;R;JUV;37.2;7;4;7;NA;Infecte;3+5OnlyBat;753;21.9715;1.75246727633706E-06;15.213;0.0000222007254383539
754;NO;NO;22.08.2023;Dorigny;46.521435;6.583685;F;O;JUV;38.2;09.avr;5;14;NA;Infecte;4;754;28.6285;1.44841092557675E-08;16.806;0.000010149339222899
755;NO;R;22.08.2023;Dorigny;46.521435;6.583685;M;R;SAD;39.1;06.août;1;6;NA;NoInfect;4;755;#DIV/0!;0,00E+00;16.454;0.0000126141609801759
756;NO;R;22.08.2023;Dorigny;46.521435;6.583685;M;R;JUV;37.8;08.févr;6;3;NA;NoInfect;4;756;#DIV/0!;0,00E+00;15.4835;0.0000229713025747925
757;NO;NO;22.08.2023;Dorigny;46.521435;6.583685;M;NR;JUV;38;07.mai;10;20;NA;Infecte;3+5OnlyBat;757;25.1195;2.36873698735457E-07;15.2675;0.0000214414161722735
758;NO;NO;22.08.2023;Dorigny;46.521435;6.583685;F;O;JUV;38.5;08.juil;4;7;NA;Infecte;3+5OnlyBat;758;22.431;1.30853790002441E-06;15.4885;0.0000186194445946428
759;NO;R;23.08.2023;MaisonRiviere;46.492772;6.479149;M;NR;JUV;37.2;06.août;2;5;NA;Infecte;3+5OnlyBat;759;21.886;1.85035756428013E-06;14.9305;0.0000265894172172052
760;NO;NO;23.08.2023;MaisonRiviere;46.492772;6.479149;F;O;JUV;36.6;06.juin;8;10;NA;Infecte;4;760;19.1955;6.91767633870826E-06;15.0535;0.0000299591143040544
761;NO;NO;23.08.2023;MaisonRiviere;46.492772;6.479149;M;NR;JUV;36.4;06.avr;7;5;NA;Infecte;3+5OnlyBat;761;24.721;3.05167955967918E-07;17.965;3.82996385654139E-06
762;NO;NO;23.08.2023;MaisonRiviere;46.492772;6.479149;F;O;JUV;36.4;06.juil;5;5;NA;Infecte;3+5OnlyBat;762;24.73;3.0342692351769E-07;14.5555;0.0000337833072547523
763;NO;NO;23.08.2023;MaisonRiviere;46.492772;6.479149;M;R;AD;38.7;09.mars;2;5;NA;Infecte;4;763;28.3405;1.74858495245247E-08;16.181;0.00001493096862387
764;NO;NO;23.08.2023;MaisonRiviere;46.492772;6.479149;M;R;AD;37.5;08.juin;8;7;NA;plusADN;repassage2;764;32.987;NA;15.6345;0.0000209257643574441
765;NO;NO;23.08.2023;MaisonRiviere;46.492772;6.479149;F;O;JUV;38.6;07.févr;2;9;NA;Infecte;4;765;25.6675;1.00425977225418E-07;17.9965;4.86516573620705E-06
766;NO;NO;23.08.2023;MaisonRiviere;46.492772;6.479149;F;O;JUV;38.2;07.mai;4;15;NA;Infecte;3+5OnlyBat;766;20.433;4.66031465323633E-06;16.34;0.000010810169444774
767;NO;NO;23.08.2023;MaisonRiviere;46.492772;6.479149;M;NR;AD;38.5;08.mai;4;3;NA;Infecte;3+5OnlyBat;767;25.6885;1.6497620690775E-07;16.4375;0.0000101576730960197
768;NO;R;23.08.2023;MaisonRiviere;46.492772;6.479149;F;O;JUV;36.7;08.janv;14;10;NA;Infecte;4;768;21.8105;1.25104664291495E-06;14.961;0.0000317205859944782
769;NO;NO;30.08.2023;Clarens;46.442706;6.879806;F;O;JUV;38;06.mai;1;1;NA;Infecte;4;769;30.5245;4.19187580130135E-09;18.1215;4.50368074203553E-06
770;NO;NO;30.08.2023;Clarens;46.442706;6.879806;F;O;JUV;38.6;07.mars;2;5;NA;noInfect;repassage2;770;37.1265;0,00E+00;15.7465;0.000016694471781581
771;NO;NO;30.08.2023;Clarens;46.442706;6.879806;F;PL;SAD;39.6;08.mai;0;10;NA;Infecte;repassage2;771;27.976;3.86247491271316E-08;16.931;7.90125549410722E-06
772;NO;NO;30.08.2023;Clarens;46.442706;6.879806;F;O;SAD;37.7;07.janv;3;8;NA;Infecte;4;772;25.161;1.39861198377618E-07;16.7095;0.0000107726602044894
773;NO;NO;30.08.2023;Clarens;46.442706;6.879806;F;O;JUV;37.6;06.juil;4;3;NA;Infecte;4;773;22.4275;8.35678431600956E-07;15.8595;0.0000182107257160374
774;NO;NO;30.08.2023;Clarens;46.442706;6.879806;F;PL;AD;39;08.juil;2;2;NA;NoValeur;repassage2;774;29.7325;NA;17.6305;5.07974625303887E-06
775;NO;NO;30.08.2023;Clarens;46.442706;6.879806;F;PL;AD;39.6;08.juin;3;8;NA;NoInfect;4;775;36.546;0,00E+00;19.0545;2.53104202530219E-06
776;NO;NO;30.08.2023;Clarens;46.442706;6.879806;F;PL;SAD;39.2;07.janv;2;4;NA;plusADN;Repassage1;776;35.953;NA;19.3325;2.13171205302295E-06
777;NO;NO;30.08.2023;Clarens;46.442706;6.879806;F;O;JUV;35.7;06.janv;3;9;NA;Infecte;repassage2;777;25.2715;2.47844396537051E-07;16.349;0.000011410983931189
778;NO;NO;30.08.2023;Clarens;46.442706;6.879806;F;O;JUV;36.4;06.mars;1;6;NA;Infecte;4;778;32.3005;1.31221877786628E-09;25.376;5.1005619382359E-08
779;NO;NO;30.08.2023;Clarens;46.442706;6.879806;F;O;JUV;34.8;05.juin;1;10;NA;Infecte;4;779;25.128;1.42912291372592E-07;19.0855;2.48304108513469E-06
780;NO;NO;30.08.2023;Clarens;46.442706;6.879806;F;O;SAD;38.2;07.mars;1;1;NA;NoInfect;4;780;#DIV/0!;0,00E+00;24.391;9.37205360495349E-08
781;NO;NO;30.08.2023;Clarens;46.442706;6.879806;F;PL;AD;38.2;8;2;13;NA;noInfect;repassage2;781;31.896;0,00E+00;17.956;4.13586257590916E-06
782;NO;NO;30.08.2023;Clarens;46.442706;6.879806;F;PL;AD;38.5;07.févr;1;13;NA;Infecte;repassage2;782;32.7425;1.45891453369063E-09;24.172;8.15988498425799E-08
783;NO;NO;30.08.2023;Clarens;46.442706;6.879806;F;O;SAD;36;07.janv;3;8;NA;Infecte;repassage2;783;26.9225;7.96788915126281E-08;17.625;5.09742120337136E-06
784;NO;NO;30.08.2023;Clarens;46.442706;6.879806;F;O;JUV;37.7;07.mars;0;0;NA;NA;NA;NA;NA;NA;NA;NA
785;NO;NO;30.08.2023;Clarens;46.442706;6.879806;M;R;AD;37.8;06.sept;3;3;NA;Infecte;4;785;28.568;1.5068652257162E-08;18.0245;0.0000047817504770987
786;L2227;NO;06.09.2023;LaCascade;46.545576;6.189664;F;O;JUV;39.2;7;2;2;NA;Infecte;4;786;25.168;1.39222418403942E-07;17.2785;7.58043635900641E-06
787;NO;NO;06.09.2023;LaCascade;46.545576;6.189664;F;O;JUV;37.6;07.févr;1;3;NA;Infecte;4;787;28.8475;1.255143995985E-08;19.833;1.56485552987271E-06
788;NO;NO;06.09.2023;LaCascade;46.545576;6.189664;F;O;JUV;38.4;07.févr;1;10;NA;plusADN;Repassage1;788;32.802;NA;21.146;6.95464038468304E-07
789;E2986;R;06.09.2023;LaCascade;46.545576;6.189664;M;R;JUV;35.7;07.avr;0;0;NA;Infecte;4;789;29.9175;6.23451412033607E-09;17.79;0.0000055269975285932
790;NO;NO;06.09.2023;LaCascade;46.545576;6.189664;M;R;AD;38.1;07.juin;0;0;NA;NoInfect;4;790;34.2465;0,00E+00;18.6895;3.17107914569924E-06
791;NO;NO;06.09.2023;LaCascade;46.545576;6.189664;M;R;JUV;36.6;07.mars;0;1;NA;NA;NA;NA;NA;NA;NA;NA
792;NO;NO;06.09.2023;LaCascade;46.545576;6.189664;M;NR;AD;36.2;07.mai;3;6;NA;NoInfect;4;792;34.8245;0,00E+00;18.4865;3.59467698625431E-06
793;NO;NO;06.09.2023;LaCascade;46.545576;6.189664;M;NR;SAD;35.1;06.août;3;3;NA;noInfect;repassage2;793;37.516;0,00E+00;21.849;3.5385116137596E-07
794;NO;NO;06.09.2023;LaCascade;46.545576;6.189664;M;R;JUV;36.9;06.avr;0;4;NA;NA;NA;NA;NA;NA;NA;NA
795;L2262;NO;06.09.2023;LaCascade;46.545576;6.189664;M;R;SAD;37.2;8;2;2;NA;NoInfect;4;795;37.781;0,00E+00;20.29;1.18001740205108E-06
796;L2291;NO;06.09.2023;LaCascade;46.545576;6.189664;M;NR;SAD;37.2;06.août;0;5;NA;NoInfect;4;796;36.1105;0,00E+00;17.7585;5.63558288078817E-06
797;E2863;NO;06.09.2023;LaCascade;46.545576;6.189664;M;NR;AD;39.6;08.mai;0;2;NA;noInfect;repassage2;797;37.311;0,00E+00;18.8055;2.41863891791327E-06
798;L2289;NO;06.09.2023;LaCascade;46.545576;6.189664;M;R;AD;37.6;07.avr;0;0;NA;noInfect;repassage2;798;38.2775;0,00E+00;16.846;8.33699085838568E-06
799;L2299;NO;06.09.2023;LaCascade;46.545576;6.189664;M;R;SAD;37;06.août;3;2;NA;noInfect;repassage2;799;38.152;0,00E+00;18.8045;2.42016686109545E-06
800;NO;NO;06.09.2023;LaCascade;46.545576;6.189664;F;O;JUV;38.7;07.févr;3;3;NA;plusADN;repassage2;800;31.604;NA;25.5355;4.62203990806853E-08
801;NO;NO;07.09.2023;LesClees;46.727970;6.451232;M;R;AD;38.1;06.juil;3;6;NA;plusADN;repassage2;801;39.742;NA;17.668;4.96085775570829E-06
802;NO;NO;07.09.2023;LesClees;46.727970;6.451232;M;R;JUV;36.7;07.avr;0;2;NA;Infecte;repassage2;802;29.688;1.19075083717908E-08;16.9565;7.77503117980016E-06
803;NO;NO;07.09.2023;LesClees;46.727970;6.451232;F;O;JUV;38.4;08.avr;1;1;NA;Infecte;repassage2;803;24.801;3.4247341600894E-07;14.9635;0.0000273733896367015
804;NO;NO;07.09.2023;LesClees;46.727970;6.451232;M;R;JUV;37.9;08.août;0;2;NA;Infecte;4;804;32.3485;1.27166804254457E-09;16.731;0.000010630551456369
805;NO;NO;07.09.2023;LesClees;46.727970;6.451232;M;R;JUV;37.4;07.mars;0;2;NA;Infecte;4;805;26.2555;6.83672410762138E-08;17.459;6.78073581380059E-06
806;NO;NO;07.09.2023;LesClees;46.727970;6.451232;F;O;JUV;38.4;07.juin;0;5;NA;Infecte;4;806;27.1115;3.90602755307314E-08;16.0815;0.000015877345559103
807;NO;NO;07.09.2023;LesClees;46.727970;6.451232;M;R;AD;38.1;08.juin;0;4;NA;NoInfect;4;807;38.641;0,00E+00;17.333;7.32951279462357E-06
808;NO;NO;08.09.2023;Papiboum;46.580317;6.304337;M;NR;AD;36.9;06.juin;0;2;NA;NoInfect;4;808;38.387;0,00E+00;24.0835;1.13323158244304E-07
809;NO;NO;08.09.2023;Papiboum;46.580317;6.304337;M;R;AD;38.2;07.mars;1;2;NA;NoInfect;4;809;#DIV/0!;0,00E+00;15.805;0.000018834164181145
810;NO;NO;08.09.2023;Papiboum;46.580317;6.304337;M;R;SAD;36.5;07.août;2;3;NA;NoInfect;4;810;#DIV/0!;0,00E+00;19.1495;2.38680271731191E-06
811;NO;NO;08.09.2023;Papiboum;46.580317;6.304337;M;R;SAD;38;07.janv;0;4;NA;NA;NA;NA;NA;NA;NA;NA
812;NO;NO;08.09.2023;Papiboum;46.580317;6.304337;M;R;JUV;36.3;08.janv;2;2;NA;Infecte;repassage2;812;30.679;6.02559586074356E-09;18.1265;3.71366327877308E-06
813;NO;NO;08.09.2023;Papiboum;46.580317;6.304337;M;R;SAD;38.4;08.févr;0;0;NA;NoInfect;4;813;38.03;0,00E+00;18.668;3.21346999338346E-06
814;NO;NO;08.09.2023;Papiboum;46.580317;6.304337;M;R;SAD;37.6;07.sept;1;2;NA;NoInfect;4;814;#DIV/0!;0,00E+00;17.427;6.91608807071447E-06
815;NO;NO;08.09.2023;Papiboum;46.580317;6.304337;M;NR;AD;38.5;06.juil;0;1;NA;NoInfect;4;815;#DIV/0!;0,00E+00;16.883;9.67794749872021E-06
816;NO;NO;08.09.2023;Papiboum;46.580317;6.304337;M;NR;NA;37.7;07.mai;0;3;NA;noInfect;repassage2;816;35.8255;0,00E+00;20.475;8.42698011803031E-07
817;NO;NO;08.09.2023;Papiboum;46.580317;6.304337;M;R;SAD;36.8;07.mai;1;2;NA;NoInfect;4;817;37.907;0,00E+00;20.6005;9.74091571176562E-07
818;NO;NO;08.09.2023;Papiboum;46.580317;6.304337;M;R;AD;37;08.févr;0;6;NA;NoInfect;4;818;#DIV/0!;0,00E+00;19.053;2.53338804468581E-06
819;NO;NO;08.09.2023;Papiboum;46.580317;6.304337;M;R;AD;37;9;0;4;NA;NoInfect;4;819;35.3305;0,00E+00;20.7445;8.91195892056774E-07
820;NO;NO;08.09.2023;Papiboum;46.580317;6.304337;M;NR;JUV;37.4;08.juin;0;0;NA;Infecte;4;820;29.583;7.75896929020067E-09;45886,00;8.56919279887709E-06
821;NO;NO;08.09.2023;Papiboum;46.580317;6.304337;M;NR;AD;37.1;07.août;0;6;NA;Noinfect;Repassage1;821;35.514;0,00E+00;23.44;1.6862863730384E-07
822;NO;NO;08.09.2023;Papiboum;46.580317;6.304337;M;R;JUV;37.9;7;1;1;NA;Infecte;4;822;24.2325;2.56685146605614E-07;21.411;5.90460686500663E-07
823;NO;NO;08.09.2023;Papiboum;46.580317;6.304337;F;O;SAD;39;08.janv;2;2;NA;Infecte;4;823;25.5785;1.06444438755227E-07;18.9165;2.75623677895965E-06
824;NO;NO;11.09.2023;Dorigny;46.521435;6.583685;M;R;SAD;36.9;06.août;0;6;NA;Infecte;3+5OnlyBat;824;32.036;2.91700047050068E-09;18.8995;2.10883820646741E-06
825;NO;NO;11.09.2023;Dorigny;46.521435;6.583685;M;NR;JUV;37.8;06.mars;1;3;NA;Infecte;3+5OnlyBat;825;29.116;1.86689944959563E-08;18.358;2.97995462051082E-06
826;D2864;R;11.09.2023;Dorigny;46.521435;6.583685;M;NR;AD;39.3;8;0;4;NA;NoInfect;3+5OnlyBat;826;37.3165;0,00E+00;20.3585;8.30691606963737E-07
827;NO;NO;11.09.2023;Dorigny;46.521435;6.583685;F;O;JUV;38.1;07.juil;5;7;NA;Infecte;3+5OnlyBat;827;31.583;3.89050091516899E-09;19.4285;1.50433069351028E-06
828;NO;R;11.09.2023;Dorigny;46.521435;6.583685;M;R;AD;38.7;06.août;1;8;NA;Infecte;4;828;28.2775;1.82213009374397E-08;20.916;8.01622608122507E-07
829;NO;NO;11.09.2023;Dorigny;46.521435;6.583685;M;R;AD;36.7;08.sept;2;2;NA;NoInfect;4;829;39.5535;0,00E+00;17.9365;5.04884525652283E-06
830;NO;NO;11.09.2023;Dorigny;46.521435;6.583685;M;NR;SAD;36.6;06.févr;4;5;NA;NoInfect;4;830;36.24;0,00E+00;17.6345;6.08416024177093E-06
831;NO;R;11.09.2023;Dorigny;46.521435;6.583685;F;O;AD;36.9;09.janv;5;11;NA;NoInfect;4;831;34.6655;0,00E+00;23.6665;1.46613814373798E-07
832;NO;NO;11.09.2023;Dorigny;46.521435;6.583685;F;PL;AD;39.6;08.juin;1;11;NA;NoInfect;4;832;#DIV/0!;0,00E+00;25.643;4.3251169391604E-08
833;NO;NO;11.09.2023;Dorigny;46.521435;6.583685;M;NR;JUV;37.6;06.mai;0;2;NA;Infecte;3+5OnlyBat;833;32.1385;2.73298480451086E-09;20.163;9.41141706279235E-07
834;NO;NO;11.09.2023;Dorigny;46.521435;6.583685;M;R;AD;37.4;7;1;1;NA;NoInfect;3+5OnlyBat;834;#DIV/0!;0,00E+00;18.5195;2.68796236407871E-06
835;NO;R;11.09.2023;Dorigny;46.521435;6.583685;F;PL;SAD;37.4;07.mars;2;4;NA;NoInfect;3+5OnlyBat;835;35.988;0,00E+00;19.6635;1.29471492431147E-06
836;NO;NO;11.09.2023;Dorigny;46.521435;6.583685;F;O;JUV;36.5;09.janv;2;16;NA;Infecte;3+5OnlyBat;836;32.8895;1.69548209642619E-09;17.503;5.14416009221747E-06
837;NO;R;11.09.2023;Dorigny;46.521435;6.583685;M;NR;JUV;38.4;06.juil;5;8;NA;plusADN;repassage2;837;#DIV/0!;NA;17.77;4.33781688224341E-06
838;NO;NO;11.09.2023;Dorigny;46.521435;6.583685;M;R;SAD;36.6;07.janv;3;6;NA;plusADN;Repassage1;838;31.694;NA;16.498;9.77274662136555E-06
839;NO;R;11.09.2023;Dorigny;46.521435;6.583685;F;O;SAD;37.4;07.mars;2;7;NA;NoInfect;4;839;37.024;0,00E+00;18.8205;2.92460754836139E-06
840;NO;R;11.09.2023;Dorigny;46.521435;6.583685;F;O;JUV;37.8;07.avr;3;6;NA;Infecte;3+5OnlyBat;840;25.9355;1.41002543374181E-07;16.779;8.16753415928195E-06
841;NO;NO;14.09.2023;Baulmes;46.795214;6.520466;M;R;JUV;35.6;06.mars;1;1;0;Infecte;4;841;20.1275;3.76064821200228E-06;19.26;2.22933824046988E-06
842;NO;NO;14.09.2023;Baulmes;46.795214;6.520466;M;R;SAD;37.8;07.févr;0;4;0;Infecte;Repassage1;842;30.862;3.89907059480452E-09;17.671;4.62088816228406E-06
843;NO;NO;14.09.2023;Baulmes;46.795214;6.520466;F;PL;SAD;35.6;09.avr;5;8;0;Infecte;4;843;25.515;1.10957745947576E-07;16.5925;0.0000115799605948674
844;NO;NO;14.09.2023;Baulmes;46.795214;6.520466;M;R;AD;37;09.mai;4;12;0;Infecte;Repassage1;844;32.359;1.45464640194939E-09;18.104;3.50467547279224E-06
845;NO;NO;14.09.2023;Baulmes;46.795214;6.520466;M;R;JUV;37.5;06.juil;2;1;0;NoInfect;3+5OnlyBat;845;38.7805;0,00E+00;23.793;9.26828639739208E-08
846;NO;NO;19.09.2023;MaisonRiviere;46.492772;6.479149;M;R;JUV;37.3;09.avr;3;8;NA;Noinfect;Repassage1;846;#DIV/0!;0,00E+00;16.781;0.0000103072729486412
847;NO;NO;19.09.2023;MaisonRiviere;46.492772;6.479149;M;R;AD;34.4;06.sept;0;7;NA;Noinfect;Repassage1;847;37.199;0,00E+00;17.366;0.0000056144434391612
848;NO;NO;19.09.2023;MaisonRiviere;46.492772;6.479149;F;O;JUV;37.7;8;1;3;NA;NA;NA;NA;NA;NA;NA;NA
849;NO;NO;19.09.2023;MaisonRiviere;46.492772;6.479149;M;R;SAD;37.4;06.août;0;1;NA;NoInfect;3+5OnlyBat;849;31.959;0,00E+00;17.6715;4.61941308049567E-06
850;NO;NO;19.09.2023;MaisonRiviere;46.492772;6.479149;M;R;SAD;37.3;07.mai;1;3;NA;NoInfect;4;850;34.2035;0,00E+00;21.55;5.41883066001033E-07
851;NO;NO;19.09.2023;MaisonRiviere;46.492772;6.479149;M;R;AD;36.9;06.août;1;7;NA;plusADN;Repassage1;851;28.32;NA;16.567;9.35151260444928E-06
852;NO;NO;19.09.2023;MaisonRiviere;46.492772;6.479149;M;R;JUV;38.1;09.juin;4;12;NA;Infecte;Repassage1;852;32.816;1.0765559690436E-09;18.328;3.96438629103999E-06
853;NO;NO;20.09.2023;Provence;46.884825;6.659766;M;R;AD;37.5;8;0;3;NA;NoInfect;4;853;32.901;0,00E+00;18.0305;0.0000047640626911975
854;NO;NO;20.09.2023;Provence;46.884825;6.659766;M;R;SAD;36.8;08.août;0;1;NA;NoInfect;4;854;36.677;0,00E+00;18.5975;3.35648872868309E-06
855;NO;NO;20.09.2023;Provence;46.884825;6.659766;M;NR;SAD;36.9;07.avr;1;6;NA;NoInfect;3+5OnlyBat;855;32.614;0,00E+00;17.622;4.76775490087065E-06
856;NO;NO;20.09.2023;Provence;46.884825;6.659766;M;R;JUV;37.3;07.mai;1;7;NA;Infecte;4;856;26.305;6.61895682803788E-08;17.3055;7.45506984698063E-06
857;NO;NO;03.10.2023;MaisonRiviere;46.492772;6.479149;M;NR;AD;37.5;07.avr;0;3;NA;NoInfect;4;857;36.7985;0,00E+00;17.9075;5.14009363037509E-06
858;NO;R;03.10.2023;MaisonRiviere;46.492772;6.479149;F;O;SAD;37;08.janv;1;3;NA;Infecte;4;858;28.674;1.40594822210999E-08;18.1525;4.41826892047316E-06
859;NO;NO;03.10.2023;MaisonRiviere;46.492772;6.479149;M;R;AD;37.1;07.juin;0;2;NA;NoInfect;4;859;35.0955;0,00E+00;16.7805;0.0000103104565642696
860;NO;R;04.10.2023;Dorigny;46.521435;6.583685;M;NR;JUV;37.2;07.févr;0;2;NA;NoInfect;4;860;36.5395;0,00E+00;17.683;5.90460686500663E-06
861;NO;R;04.10.2023;Dorigny;46.521435;6.583685;M;R;JUV;37.3;07.juin;0;12;NA;NoInfect;4;861;34.4625;0,00E+00;17.1925;7.99397665299437E-06
862;NO;R;04.10.2023;Dorigny;46.521435;6.583685;F;O;JUV;37.7;07.août;2;5;NA;Infecte;repassage2;862;32.2625;2.02914663804635E-09;17.6725;0.0000049467794191201
863;NO;NO;04.10.2023;Dorigny;46.521435;6.583685;M;R;AD;37.2;07.févr;1;3;NA;NoInfect;4;863;37.01;0,00E+00;19.7375;1.65993545680887E-06
864;NO;R;04.10.2023;Dorigny;46.521435;6.583685;F;O;JUV;38.8;07.sept;1;14;NA;Infecte;4;864;29.3555;9.00360345162078E-09;20.573;9.90778091799395E-07
865;NO;NO;04.10.2023;Dorigny;46.521435;6.583685;M;NR;JUV;37.9;7;1;9;NA;Infecte;4;865;27.7735;2.53349781422438E-08;22.724;2.6241666770601E-07
866;NO;R;04.10.2023;Dorigny;46.521435;6.583685;F;O;JUV;38.6;9;2;11;NA;Infecte;repassage2;866;29.487;1.36716488600761E-08;17.7605;4.67936051120494E-06
867;NO;NO;04.10.2023;Dorigny;46.521435;6.583685;M;NR;JUV;37.6;06.avr;0;2;NA;NoInfect;4;867;37.949;0,00E+00;20.5215;1.02280012523841E-06
868;NO;NO;04.10.2023;Dorigny;46.521435;6.583685;M;R;JUV;38;07.mai;0;5;NA;NoValeur;repassage2;868;33.243;NA;16.4455;0.0000107363270451604
869;NO;NO;04.10.2023;Dorigny;46.521435;6.583685;F;O;SAD;36.9;07.févr;0;3;NA;Infecte;Repassage1;869;32.367;1.44700192058233E-09;19.255;2.23623359385331E-06
870;NO;NO;04.10.2023;Dorigny;46.521435;6.583685;M;R;AD;36.7;08.avr;0;11;NA;NoInfect;4;870;32.9295;0,00E+00;18.9255;2.74095787166946E-06
871;NO;R;04.10.2023;Dorigny;46.521435;6.583685;M;R;AD;38.5;07.avr;0;5;NA;NoInfect;4;871;36.996;0,00E+00;20.256;1.20505975775561E-06
872;NO;NO;04.06.2024;Dorigny;46.521435;6.583685;F;O;AD;36.7;07.août;8;10;NA;Infecte;3+5OnlyBat;872;24.711;3.07114155463226E-07;12.736;0.0000799818742840711
873;NO;NO;04.06.2024;Dorigny;46.521435;6.583685;F;P;AD;36.6;09.janv;13;3;NA;NA;NA;NA;NA;NA;NA;NA
874;NO;R;04.06.2024;Dorigny;46.521435;6.583685;M;NR;AD;38.6;06.sept;2;4;NA;NoInfect;3+5OnlyBat;874;36.523;0,00E+00;11.794;0.000150172421239659
875;NO;R;04.06.2024;Dorigny;46.521435;6.583685;M;NR;AD;35.6;06.mars;4;1;NA;Infecte;3;875;28.1305;1.83631547721605E-08;17.6525;6.49863137476418E-06
876;NO;R;04.06.2024;Dorigny;46.521435;6.583685;F;P;AD;37.3;07.juin;12;6;NA;NA;NA;NA;NA;NA;NA;NA
877;NO;NO;04.06.2024;Dorigny;46.521435;6.583685;F;P;AD;36.9;08.avr;12;14;NA;NA;NA;NA;NA;NA;NA;NA
878;NO;NO;04.06.2024;Dorigny;46.521435;6.583685;M;NR;AD;38.3;08.févr;0;2;NA;NA;NA;NA;NA;NA;NA;NA
879;NO;R;04.06.2024;Dorigny;46.521435;6.583685;M;NR;AD;36.6;07.janv;0;4;NA;Infecte;3+5OnlyBat;879;30.184;9.46795558693519E-09;17.4205;3.48662210684937E-06
880;NO;NO;04.06.2024;Dorigny;46.521435;6.583685;F;P;AD;36.9;08.avr;3;9;NA;NA;NA;NA;NA;NA;NA;NA
881;NO;NO;04.06.2024;Dorigny;46.521435;6.583685;M;NR;AD;37.5;07.juil;0;10;NA;NoInfect;3;881;36.579;0,00E+00;16.706;0.0000117326333809871
882;NO;NO;04.06.2024;Dorigny;46.521435;6.583685;F;P;AD;38.4;09.juil;6;8;NA;NA;NA;NA;NA;NA;NA;NA
883;D2870;R;04.06.2024;Dorigny;46.521435;6.583685;M;NR;AD;36.8;07.avr;3;5;NA;NoInfect;3;883;36.6595;0,00E+00;17.727;0.0000062033563258452
884;NO;NO;04.06.2024;Dorigny;46.521435;6.583685;F;P;AD;39.1;9;25;11;NA;NA;NA;NA;NA;NA;NA;NA
885;NO;R;05.06.2024;MaisonRiviere;46.492772;6.479149;F;P;AD;38.7;10.avr;26;6;NA;NA;NA;NA;NA;NA;NA;NA
886;NO;R;05.06.2024;MaisonRiviere;46.492772;6.479149;F;P;AD;38.2;10;14;6;NA;NA;NA;NA;NA;NA;NA;NA
887;NO;NO;05.06.2024;MaisonRiviere;46.492772;6.479149;M;NR;SAD;37.8;07.juil;13;1;NA;Infecte;3;887;31.6125;1.93988883416862E-09;19.141;2.56640398129258E-06
888;NO;NO;27.06.2024;Dorigny;46.521435;6.583685;F;L;AD;38.8;08.sept;2;4;NA;Infecte;3+5OnlyBat;888;29.1485;1.82872324193596E-08;22.035;1.59275614172064E-07
889;NO;NO;08.07.2024;MaisonRiviere;46.492772;6.479149;F;L;AD;38.6;08.juin;12;7;NA;NoInfect;3+5OnlyBat;889;38.1125;0,00E+00;18.697;1.48474758831263E-06
890;NO;NO;08.07.2024;MaisonRiviere;46.492772;6.479149;F;L;AD;38.5;08.avr;11;8;NA;NoInfect;3+5OnlyBat;890;37.634;0,00E+00;18.918;0.0000012807501651905
891;NO;R;08.07.2024;MaisonRiviere;46.492772;6.479149;M;NR;AD;35.7;07.févr;1;2;NA;NA;NA;NA;NA;NA;NA;NA
892;NO;NO;08.07.2024;MaisonRiviere;46.492772;6.479149;F;L;SAD;39;08.avr;16;0;NA;Infecte;Repassage1;892;30.5515;4.78384266604733E-09;21.052;3.0736620419673E-07
893;NO;NO;08.07.2024;MaisonRiviere;46.492772;6.479149;M;NR;AD;35.6;07.mars;8;3;NA;NA;NA;NA;NA;NA;NA;NA
894;NO;NO;08.07.2024;MaisonRiviere;46.492772;6.479149;F;L;AD;37;07.juin;27;1;NA;Infecte;Repassage1;894;31.467;2.6176174579692E-09;23.7735;4.97979808612906E-08
895;NO;NO;08.07.2024;MaisonRiviere;46.492772;6.479149;F;O;AD;39.2;08.avr;3;1;NA;NA;NA;NA;NA;NA;NA;NA
896;NO;NO;08.07.2024;MaisonRiviere;46.492772;6.479149;F;O;AD;40;09.févr;5;3;NA;NA;NA;NA;NA;NA;NA;NA
897;NO;NO;08.07.2024;MaisonRiviere;46.492772;6.479149;F;O;SAD;37.5;07.août;12;1;NA;NoValeur;repassage2;897;31.7135;NA;13.6655;0.0000782713099663234
898;NO;NO;09.07.2024;Dorigny;46.521435;6.583685;M;NR;AD;37.9;07.janv;5;4;NA;Infecte;3;898;16.886;0.0000260805191537672;11.769;0.000255681063040721
899;NO;R;09.07.2024;Dorigny;46.521435;6.583685;F;O;AD;37.1;07.août;3;9;NA;Infecte;3;899;24.0365;2.58042057577035E-07;14.6775;0.0000416172630809265
900;NO;R;09.07.2024;Dorigny;46.521435;6.583685;M;NR;SAD;37.6;7;2;5;NA;Infecte;3+5OnlyBat;900;28.806;2.27357351009413E-08;19.7375;7.40363928557773E-07
901;NO;R;09.07.2024;Dorigny;46.521435;6.583685;F;O;SAD;37.8;07.mai;8;1;NA;Infecte;3+5OnlyBat;901;26.553;9.52228174139462E-08;17.5885;3.11609165755143E-06
902;NO;NO;09.07.2024;Dorigny;46.521435;6.583685;F;O;SAD;38.5;45907,00;3;9;NA;Infecte;Repassage1;902;32.302;1.51029500097363E-09;24.2375;3.65128339145713E-08
